raw_bijoy	context	source_file	question_number	correct_bengali
cj	cj-eyw½ e¨v‡j‡Ý ex‡gi me©ev‡g ‘0 ’ `vM †_‡K †gvU `vMv¼b msL¨v 50 | 5mg  f‡ii GKwU ivBWvi e¨envi Kiv 	C1 MCQ 1.mhtml	1	
-	cj-eyw½ e¨v‡j‡Ý ex‡gi me©ev‡g ‘0 ’ `vM †_‡K †gvU `vMv¼b msL¨v 50 | 5mg  f‡ii GKwU ivBWvi e¨envi Kiv 	C1 MCQ 1.mhtml	1	
 `	cj-eyw½ e¨v‡j‡Ý ex‡gi me©ev‡g ‘0 ’ `vM †_‡K †gvU `vMv¼b msL¨v 50 | 5mg  f‡ii GKwU ivBWvi e¨envi Kiv 	C1 MCQ 1.mhtml	1	
vM	cj-eyw½ e¨v‡j‡Ý ex‡gi me©ev‡g ‘0 ’ `vM †_‡K †gvU `vMv¼b msL¨v 50 | 5mg  f‡ii GKwU ivBWvi e¨envi Kiv 	C1 MCQ 1.mhtml	1	
gvU	cj-eyw½ e¨v‡j‡Ý ex‡gi me©ev‡g ‘0 ’ `vM †_‡K †gvU `vMv¼b msL¨v 50 | 5mg  f‡ii GKwU ivBWvi e¨envi Kiv 	C1 MCQ 1.mhtml	1	
|	cj-eyw½ e¨v‡j‡Ý ex‡gi me©ev‡g ‘0 ’ `vM †_‡K †gvU `vMv¼b msL¨v 50 | 5mg  f‡ii GKwU ivBWvi e¨envi Kiv 	C1 MCQ 1.mhtml	1	
GKwU	cj-eyw½ e¨v‡j‡Ý ex‡gi me©ev‡g ‘0 ’ `vM †_‡K †gvU `vMv¼b msL¨v 50 | 5mg  f‡ii GKwU ivBWvi e¨envi Kiv 	C1 MCQ 1.mhtml	1	
ivBWvi	cj-eyw½ e¨v‡j‡Ý ex‡gi me©ev‡g ‘0 ’ `vM †_‡K †gvU `vMv¼b msL¨v 50 | 5mg  f‡ii GKwU ivBWvi e¨envi Kiv 	C1 MCQ 1.mhtml	1	
 Kiv 	cj-eyw½ e¨v‡j‡Ý ex‡gi me©ev‡g ‘0 ’ `vM †_‡K †gvU `vMv¼b msL¨v 50 | 5mg  f‡ii GKwU ivBWvi e¨envi Kiv 	C1 MCQ 1.mhtml	1	
| 	cj-eyw½ e¨v‡j‡Ý ex‡gi me©ev‡g ‘0 ’ `vM †_‡K †gvU `vMv¼b msL¨v 50 | 5mg  f‡ii GKwU ivBWvi e¨envi Kiv 	C1 MCQ 1.mhtml	1	
evg	cj-eyw½ e¨v‡j‡Ý ex‡gi me©ev‡g ‘0 ’ `vM †_‡K †gvU `vMv¼b msL¨v 50 | 5mg  f‡ii GKwU ivBWvi e¨envi Kiv 	C1 MCQ 1.mhtml	1	
Wvb	cj-eyw½ e¨v‡j‡Ý ex‡gi me©ev‡g ‘0 ’ `vM †_‡K †gvU `vMv¼b msL¨v 50 | 5mg  f‡ii GKwU ivBWvi e¨envi Kiv 	C1 MCQ 1.mhtml	1	
GKwU	cj-eyw½ e¨v‡j‡Ý ex‡gi me©ev‡g ‘0 ’ `vM †_‡K †gvU `vMv¼b msL¨v 50 | 5mg  f‡ii GKwU ivBWvi e¨envi Kiv 	C1 MCQ 1.mhtml	1	
evULviv	cj-eyw½ e¨v‡j‡Ý ex‡gi me©ev‡g ‘0 ’ `vM †_‡K †gvU `vMv¼b msL¨v 50 | 5mg  f‡ii GKwU ivBWvi e¨envi Kiv 	C1 MCQ 1.mhtml	1	
 Kiv 	cj-eyw½ e¨v‡j‡Ý ex‡gi me©ev‡g ‘0 ’ `vM †_‡K †gvU `vMv¼b msL¨v 50 | 5mg  f‡ii GKwU ivBWvi e¨envi Kiv 	C1 MCQ 1.mhtml	1	
fvimvg	cj-eyw½ e¨v‡j‡Ý ex‡gi me©ev‡g ‘0 ’ `vM †_‡K †gvU `vMv¼b msL¨v 50 | 5mg  f‡ii GKwU ivBWvi e¨envi Kiv 	C1 MCQ 1.mhtml	1	
e	e¯‘i fi ={50+10+1+0.25+0.05+0.02+(20×5×250×1000)}g=61.324g 	C1 MCQ 1.mhtml	1	
i	e¯‘i fi ={50+10+1+0.25+0.05+0.02+(20×5×250×1000)}g=61.324g 	C1 MCQ 1.mhtml	1	
 fi 	e¯‘i fi ={50+10+1+0.25+0.05+0.02+(20×5×250×1000)}g=61.324g 	C1 MCQ 1.mhtml	1	
Kvb	j¨ve‡iUwi‡Z †n‡·b (C6H14)  †Kvb M¨vmwUi cwie‡Z© e¨envi Kiv nq?	C1 MCQ 1.mhtml	2	
 Kiv nq?	j¨ve‡iUwi‡Z †n‡·b (C6H14)  †Kvb M¨vmwUi cwie‡Z© e¨envi Kiv nq?	C1 MCQ 1.mhtml	2	
GK 	GK UzKiv mv`v dmdivm Ges evZv‡mi Aw·‡R‡bi wewµqvq  44.8 L  Aw·‡Rb M¨vm e¨eüZ n‡j, Kx cwigvY dmdivm w	C1 MCQ 1.mhtml	3	
UzKiv	GK UzKiv mv`v dmdivm Ges evZv‡mi Aw·‡R‡bi wewµqvq  44.8 L  Aw·‡Rb M¨vm e¨eüZ n‡j, Kx cwigvY dmdivm w	C1 MCQ 1.mhtml	3	
mv`v	GK UzKiv mv`v dmdivm Ges evZv‡mi Aw·‡R‡bi wewµqvq  44.8 L  Aw·‡Rb M¨vm e¨eüZ n‡j, Kx cwigvY dmdivm w	C1 MCQ 1.mhtml	3	
dmdivm	GK UzKiv mv`v dmdivm Ges evZv‡mi Aw·‡R‡bi wewµqvq  44.8 L  Aw·‡Rb M¨vm e¨eüZ n‡j, Kx cwigvY dmdivm w	C1 MCQ 1.mhtml	3	
 Ges	GK UzKiv mv`v dmdivm Ges evZv‡mi Aw·‡R‡bi wewµqvq  44.8 L  Aw·‡Rb M¨vm e¨eüZ n‡j, Kx cwigvY dmdivm w	C1 MCQ 1.mhtml	3	
, Kx 	GK UzKiv mv`v dmdivm Ges evZv‡mi Aw·‡R‡bi wewµqvq  44.8 L  Aw·‡Rb M¨vm e¨eüZ n‡j, Kx cwigvY dmdivm w	C1 MCQ 1.mhtml	3	
cwigvY	GK UzKiv mv`v dmdivm Ges evZv‡mi Aw·‡R‡bi wewµqvq  44.8 L  Aw·‡Rb M¨vm e¨eüZ n‡j, Kx cwigvY dmdivm w	C1 MCQ 1.mhtml	3	
dmdivm	GK UzKiv mv`v dmdivm Ges evZv‡mi Aw·‡R‡bi wewµqvq  44.8 L  Aw·‡Rb M¨vm e¨eüZ n‡j, Kx cwigvY dmdivm w	C1 MCQ 1.mhtml	3	
?	GK UzKiv mv`v dmdivm Ges evZv‡mi Aw·‡R‡bi wewµqvq  44.8 L  Aw·‡Rb M¨vm e¨eüZ n‡j, Kx cwigvY dmdivm w	C1 MCQ 1.mhtml	3	
a, b, c, d 	 aKMnO4+bH2SO4+cH2O2→K2SO4+2MnSO4+dH2O+5 O2  wewµqvwUi mgZvKi‡Y a, b, c, d Gi gvb h_vµ‡g- 	C1 MCQ 1.mhtml	4	
Gi 	 aKMnO4+bH2SO4+cH2O2→K2SO4+2MnSO4+dH2O+5 O2  wewµqvwUi mgZvKi‡Y a, b, c, d Gi gvb h_vµ‡g- 	C1 MCQ 1.mhtml	4	
gvb	 aKMnO4+bH2SO4+cH2O2→K2SO4+2MnSO4+dH2O+5 O2  wewµqvwUi mgZvKi‡Y a, b, c, d Gi gvb h_vµ‡g- 	C1 MCQ 1.mhtml	4	
h_v	 aKMnO4+bH2SO4+cH2O2→K2SO4+2MnSO4+dH2O+5 O2  wewµqvwUi mgZvKi‡Y a, b, c, d Gi gvb h_vµ‡g- 	C1 MCQ 1.mhtml	4	
xq	CrO5  †hŠ‡M †K›`ªxq cigvYyi cÖK…Z RviY msL¨v KZ?	C1 MCQ 1.mhtml	5	
cigvYyi	CrO5  †hŠ‡M †K›`ªxq cigvYyi cÖK…Z RviY msL¨v KZ?	C1 MCQ 1.mhtml	5	
RviY	CrO5  †hŠ‡M †K›`ªxq cigvYyi cÖK…Z RviY msL¨v KZ?	C1 MCQ 1.mhtml	5	
 KZ?	CrO5  †hŠ‡M †K›`ªxq cigvYyi cÖK…Z RviY msL¨v KZ?	C1 MCQ 1.mhtml	5	
|	 CrO5  Gi mv‡_ GKwU A·vBW I `ywU cvi-A·vBW hy³ Av‡Q| ZvB †K›`ªxq cigvYyi RviY msL¨v = +6 |	C1 MCQ 1.mhtml	5	
KvbwU	wb‡Pi †KvbwU RviK I weRviK Dfq wn‡m‡e KvR Ki‡Z cv‡i?	C1 MCQ 1.mhtml	7	
RviK	wb‡Pi †KvbwU RviK I weRviK Dfq wn‡m‡e KvR Ki‡Z cv‡i?	C1 MCQ 1.mhtml	7	
 I 	wb‡Pi †KvbwU RviK I weRviK Dfq wn‡m‡e KvR Ki‡Z cv‡i?	C1 MCQ 1.mhtml	7	
weRviK	wb‡Pi †KvbwU RviK I weRviK Dfq wn‡m‡e KvR Ki‡Z cv‡i?	C1 MCQ 1.mhtml	7	
Dfq	wb‡Pi †KvbwU RviK I weRviK Dfq wn‡m‡e KvR Ki‡Z cv‡i?	C1 MCQ 1.mhtml	7	
KvR	wb‡Pi †KvbwU RviK I weRviK Dfq wn‡m‡e KvR Ki‡Z cv‡i?	C1 MCQ 1.mhtml	7	
?	wb‡Pi †KvbwU RviK I weRviK Dfq wn‡m‡e KvR Ki‡Z cv‡i?	C1 MCQ 1.mhtml	7	
f	6g  f‡ii GK UyK‡iv Aweï× †jvnv‡K jNy H2SO4  `ªe‡Y `ªexf~Z K‡i cªvß `ªeY‡K m¤ú~Y©iƒ‡c RvwiZ Ki‡Z 0.02	C1 MCQ 1.mhtml	8	
ii	6g  f‡ii GK UyK‡iv Aweï× †jvnv‡K jNy H2SO4  `ªe‡Y `ªexf~Z K‡i cªvß `ªeY‡K m¤ú~Y©iƒ‡c RvwiZ Ki‡Z 0.02	C1 MCQ 1.mhtml	8	
 GK 	6g  f‡ii GK UyK‡iv Aweï× †jvnv‡K jNy H2SO4  `ªe‡Y `ªexf~Z K‡i cªvß `ªeY‡K m¤ú~Y©iƒ‡c RvwiZ Ki‡Z 0.02	C1 MCQ 1.mhtml	8	
UyK	6g  f‡ii GK UyK‡iv Aweï× †jvnv‡K jNy H2SO4  `ªe‡Y `ªexf~Z K‡i cªvß `ªeY‡K m¤ú~Y©iƒ‡c RvwiZ Ki‡Z 0.02	C1 MCQ 1.mhtml	8	
iv	6g  f‡ii GK UyK‡iv Aweï× †jvnv‡K jNy H2SO4  `ªe‡Y `ªexf~Z K‡i cªvß `ªeY‡K m¤ú~Y©iƒ‡c RvwiZ Ki‡Z 0.02	C1 MCQ 1.mhtml	8	
jvnv	6g  f‡ii GK UyK‡iv Aweï× †jvnv‡K jNy H2SO4  `ªe‡Y `ªexf~Z K‡i cªvß `ªeY‡K m¤ú~Y©iƒ‡c RvwiZ Ki‡Z 0.02	C1 MCQ 1.mhtml	8	
K	6g  f‡ii GK UyK‡iv Aweï× †jvnv‡K jNy H2SO4  `ªe‡Y `ªexf~Z K‡i cªvß `ªeY‡K m¤ú~Y©iƒ‡c RvwiZ Ki‡Z 0.02	C1 MCQ 1.mhtml	8	
jNy	6g  f‡ii GK UyK‡iv Aweï× †jvnv‡K jNy H2SO4  `ªe‡Y `ªexf~Z K‡i cªvß `ªeY‡K m¤ú~Y©iƒ‡c RvwiZ Ki‡Z 0.02	C1 MCQ 1.mhtml	8	
exf~Z	6g  f‡ii GK UyK‡iv Aweï× †jvnv‡K jNy H2SO4  `ªe‡Y `ªexf~Z K‡i cªvß `ªeY‡K m¤ú~Y©iƒ‡c RvwiZ Ki‡Z 0.02	C1 MCQ 1.mhtml	8	
K	6g  f‡ii GK UyK‡iv Aweï× †jvnv‡K jNy H2SO4  `ªe‡Y `ªexf~Z K‡i cªvß `ªeY‡K m¤ú~Y©iƒ‡c RvwiZ Ki‡Z 0.02	C1 MCQ 1.mhtml	8	
i	6g  f‡ii GK UyK‡iv Aweï× †jvnv‡K jNy H2SO4  `ªe‡Y `ªexf~Z K‡i cªvß `ªeY‡K m¤ú~Y©iƒ‡c RvwiZ Ki‡Z 0.02	C1 MCQ 1.mhtml	8	
eY	6g  f‡ii GK UyK‡iv Aweï× †jvnv‡K jNy H2SO4  `ªe‡Y `ªexf~Z K‡i cªvß `ªeY‡K m¤ú~Y©iƒ‡c RvwiZ Ki‡Z 0.02	C1 MCQ 1.mhtml	8	
K	6g  f‡ii GK UyK‡iv Aweï× †jvnv‡K jNy H2SO4  `ªe‡Y `ªexf~Z K‡i cªvß `ªeY‡K m¤ú~Y©iƒ‡c RvwiZ Ki‡Z 0.02	C1 MCQ 1.mhtml	8	
c	6g  f‡ii GK UyK‡iv Aweï× †jvnv‡K jNy H2SO4  `ªe‡Y `ªexf~Z K‡i cªvß `ªeY‡K m¤ú~Y©iƒ‡c RvwiZ Ki‡Z 0.02	C1 MCQ 1.mhtml	8	
RvwiZ	6g  f‡ii GK UyK‡iv Aweï× †jvnv‡K jNy H2SO4  `ªe‡Y `ªexf~Z K‡i cªvß `ªeY‡K m¤ú~Y©iƒ‡c RvwiZ Ki‡Z 0.02	C1 MCQ 1.mhtml	8	
Ki	6g  f‡ii GK UyK‡iv Aweï× †jvnv‡K jNy H2SO4  `ªe‡Y `ªexf~Z K‡i cªvß `ªeY‡K m¤ú~Y©iƒ‡c RvwiZ Ki‡Z 0.02	C1 MCQ 1.mhtml	8	
Z	6g  f‡ii GK UyK‡iv Aweï× †jvnv‡K jNy H2SO4  `ªe‡Y `ªexf~Z K‡i cªvß `ªeY‡K m¤ú~Y©iƒ‡c RvwiZ Ki‡Z 0.02	C1 MCQ 1.mhtml	8	
eY	6g  f‡ii GK UyK‡iv Aweï× †jvnv‡K jNy H2SO4  `ªe‡Y `ªexf~Z K‡i cªvß `ªeY‡K m¤ú~Y©iƒ‡c RvwiZ Ki‡Z 0.02	C1 MCQ 1.mhtml	8	
| 	6g  f‡ii GK UyK‡iv Aweï× †jvnv‡K jNy H2SO4  `ªe‡Y `ªexf~Z K‡i cªvß `ªeY‡K m¤ú~Y©iƒ‡c RvwiZ Ki‡Z 0.02	C1 MCQ 1.mhtml	8	
jvnvi	6g  f‡ii GK UyK‡iv Aweï× †jvnv‡K jNy H2SO4  `ªe‡Y `ªexf~Z K‡i cªvß `ªeY‡K m¤ú~Y©iƒ‡c RvwiZ Ki‡Z 0.02	C1 MCQ 1.mhtml	8	
Uz	6g  f‡ii GK UyK‡iv Aweï× †jvnv‡K jNy H2SO4  `ªe‡Y `ªexf~Z K‡i cªvß `ªeY‡K m¤ú~Y©iƒ‡c RvwiZ Ki‡Z 0.02	C1 MCQ 1.mhtml	8	
Kiv	6g  f‡ii GK UyK‡iv Aweï× †jvnv‡K jNy H2SO4  `ªe‡Y `ªexf~Z K‡i cªvß `ªeY‡K m¤ú~Y©iƒ‡c RvwiZ Ki‡Z 0.02	C1 MCQ 1.mhtml	8	
i	6g  f‡ii GK UyK‡iv Aweï× †jvnv‡K jNy H2SO4  `ªe‡Y `ªexf~Z K‡i cªvß `ªeY‡K m¤ú~Y©iƒ‡c RvwiZ Ki‡Z 0.02	C1 MCQ 1.mhtml	8	
kZKiv	6g  f‡ii GK UyK‡iv Aweï× †jvnv‡K jNy H2SO4  `ªe‡Y `ªexf~Z K‡i cªvß `ªeY‡K m¤ú~Y©iƒ‡c RvwiZ Ki‡Z 0.02	C1 MCQ 1.mhtml	8	
cwigvY	6g  f‡ii GK UyK‡iv Aweï× †jvnv‡K jNy H2SO4  `ªe‡Y `ªexf~Z K‡i cªvß `ªeY‡K m¤ú~Y©iƒ‡c RvwiZ Ki‡Z 0.02	C1 MCQ 1.mhtml	8	
 KZ?	6g  f‡ii GK UyK‡iv Aweï× †jvnv‡K jNy H2SO4  `ªe‡Y `ªexf~Z K‡i cªvß `ªeY‡K m¤ú~Y©iƒ‡c RvwiZ Ki‡Z 0.02	C1 MCQ 1.mhtml	8	
wg_vBj	wg_vBj A‡iÄ wb‡`©k‡Ki pH cwimi-	C1 MCQ 1.mhtml	9	
A	wg_vBj A‡iÄ wb‡`©k‡Ki pH cwimi-	C1 MCQ 1.mhtml	9	
wb	wg_vBj A‡iÄ wb‡`©k‡Ki pH cwimi-	C1 MCQ 1.mhtml	9	
k	wg_vBj A‡iÄ wb‡`©k‡Ki pH cwimi-	C1 MCQ 1.mhtml	9	
Ki	wg_vBj A‡iÄ wb‡`©k‡Ki pH cwimi-	C1 MCQ 1.mhtml	9	
pH	wg_vBj A‡iÄ wb‡`©k‡Ki pH cwimi-	C1 MCQ 1.mhtml	9	
cwimi	wg_vBj A‡iÄ wb‡`©k‡Ki pH cwimi-	C1 MCQ 1.mhtml	9	
-	wg_vBj A‡iÄ wb‡`©k‡Ki pH cwimi-	C1 MCQ 1.mhtml	9	
wb	wb‡Pi †KvbwU Redox wewµqv bq?	C1 MCQ 1.mhtml	10	
Pi	wb‡Pi †KvbwU Redox wewµqv bq?	C1 MCQ 1.mhtml	10	
KvbwU	wb‡Pi †KvbwU Redox wewµqv bq?	C1 MCQ 1.mhtml	10	
Redox	wb‡Pi †KvbwU Redox wewµqv bq?	C1 MCQ 1.mhtml	10	
bq	wb‡Pi †KvbwU Redox wewµqv bq?	C1 MCQ 1.mhtml	10	
?	wb‡Pi †KvbwU Redox wewµqv bq?	C1 MCQ 1.mhtml	10	
 `	j¨ve‡iUwi‡Z `yBwU wfbœ wi‡q‡R›U †evZ‡j NaOH  `ªeY iwÿZ Av‡Q| GKwUi gvÎv 0.4M Ges AciwUi gvÎv 0.1M| 0	C1 MCQ 1.mhtml	11	
yBwU	j¨ve‡iUwi‡Z `yBwU wfbœ wi‡q‡R›U †evZ‡j NaOH  `ªeY iwÿZ Av‡Q| GKwUi gvÎv 0.4M Ges AciwUi gvÎv 0.1M| 0	C1 MCQ 1.mhtml	11	
0.4M	j¨ve‡iUwi‡Z `yBwU wfbœ wi‡q‡R›U †evZ‡j NaOH  `ªeY iwÿZ Av‡Q| GKwUi gvÎv 0.4M Ges AciwUi gvÎv 0.1M| 0	C1 MCQ 1.mhtml	11	
 Ges 	j¨ve‡iUwi‡Z `yBwU wfbœ wi‡q‡R›U †evZ‡j NaOH  `ªeY iwÿZ Av‡Q| GKwUi gvÎv 0.4M Ges AciwUi gvÎv 0.1M| 0	C1 MCQ 1.mhtml	11	
AciwUi	j¨ve‡iUwi‡Z `yBwU wfbœ wi‡q‡R›U †evZ‡j NaOH  `ªeY iwÿZ Av‡Q| GKwUi gvÎv 0.4M Ges AciwUi gvÎv 0.1M| 0	C1 MCQ 1.mhtml	11	
0.1M	j¨ve‡iUwi‡Z `yBwU wfbœ wi‡q‡R›U †evZ‡j NaOH  `ªeY iwÿZ Av‡Q| GKwUi gvÎv 0.4M Ges AciwUi gvÎv 0.1M| 0	C1 MCQ 1.mhtml	11	
| 	j¨ve‡iUwi‡Z `yBwU wfbœ wi‡q‡R›U †evZ‡j NaOH  `ªeY iwÿZ Av‡Q| GKwUi gvÎv 0.4M Ges AciwUi gvÎv 0.1M| 0	C1 MCQ 1.mhtml	11	
0.15 M	j¨ve‡iUwi‡Z `yBwU wfbœ wi‡q‡R›U †evZ‡j NaOH  `ªeY iwÿZ Av‡Q| GKwUi gvÎv 0.4M Ges AciwUi gvÎv 0.1M| 0	C1 MCQ 1.mhtml	11	
eY	j¨ve‡iUwi‡Z `yBwU wfbœ wi‡q‡R›U †evZ‡j NaOH  `ªeY iwÿZ Av‡Q| GKwUi gvÎv 0.4M Ges AciwUi gvÎv 0.1M| 0	C1 MCQ 1.mhtml	11	
bgybv	j¨ve‡iUwi‡Z `yBwU wfbœ wi‡q‡R›U †evZ‡j NaOH  `ªeY iwÿZ Av‡Q| GKwUi gvÎv 0.4M Ges AciwUi gvÎv 0.1M| 0	C1 MCQ 1.mhtml	11	
eY	j¨ve‡iUwi‡Z `yBwU wfbœ wi‡q‡R›U †evZ‡j NaOH  `ªeY iwÿZ Av‡Q| GKwUi gvÎv 0.4M Ges AciwUi gvÎv 0.1M| 0	C1 MCQ 1.mhtml	11	
 `	j¨ve‡iUwi‡Z `yBwU wfbœ wi‡q‡R›U †evZ‡j NaOH  `ªeY iwÿZ Av‡Q| GKwUi gvÎv 0.4M Ges AciwUi gvÎv 0.1M| 0	C1 MCQ 1.mhtml	11	
yBwU	j¨ve‡iUwi‡Z `yBwU wfbœ wi‡q‡R›U †evZ‡j NaOH  `ªeY iwÿZ Av‡Q| GKwUi gvÎv 0.4M Ges AciwUi gvÎv 0.1M| 0	C1 MCQ 1.mhtml	11	
 Kx 	j¨ve‡iUwi‡Z `yBwU wfbœ wi‡q‡R›U †evZ‡j NaOH  `ªeY iwÿZ Av‡Q| GKwUi gvÎv 0.4M Ges AciwUi gvÎv 0.1M| 0	C1 MCQ 1.mhtml	11	
?	j¨ve‡iUwi‡Z `yBwU wfbœ wi‡q‡R›U †evZ‡j NaOH  `ªeY iwÿZ Av‡Q| GKwUi gvÎv 0.4M Ges AciwUi gvÎv 0.1M| 0	C1 MCQ 1.mhtml	11	
KvbwU	wb‡Pi †KvbwU †m‡KÛvix ÷¨vÛvW© c`v_©?	C1 MCQ 1.mhtml	12	
c`v	wb‡Pi †KvbwU †m‡KÛvix ÷¨vÛvW© c`v_©?	C1 MCQ 1.mhtml	12	
 Ges 	CH3COOH  Ges NaOH  Gi cÖkgb wewµqvq wb‡`©kK wn‡m‡e †KvbwU e¨envi Dchy³?	C1 MCQ 1.mhtml	13	
 Gi	CH3COOH  Ges NaOH  Gi cÖkgb wewµqvq wb‡`©kK wn‡m‡e †KvbwU e¨envi Dchy³?	C1 MCQ 1.mhtml	13	
wb	CH3COOH  Ges NaOH  Gi cÖkgb wewµqvq wb‡`©kK wn‡m‡e †KvbwU e¨envi Dchy³?	C1 MCQ 1.mhtml	13	
kK	CH3COOH  Ges NaOH  Gi cÖkgb wewµqvq wb‡`©kK wn‡m‡e †KvbwU e¨envi Dchy³?	C1 MCQ 1.mhtml	13	
KvbwU	CH3COOH  Ges NaOH  Gi cÖkgb wewµqvq wb‡`©kK wn‡m‡e †KvbwU e¨envi Dchy³?	C1 MCQ 1.mhtml	13	
?	CH3COOH  Ges NaOH  Gi cÖkgb wewµqvq wb‡`©kK wn‡m‡e †KvbwU e¨envi Dchy³?	C1 MCQ 1.mhtml	13	
dbjd	†dbjd&&_¨vwjb	C1 MCQ 1.mhtml	13	
vwjb	†dbjd&&_¨vwjb	C1 MCQ 1.mhtml	13	
wg_vBj	wg_vBj †iW	C1 MCQ 1.mhtml	13	
iW	wg_vBj †iW	C1 MCQ 1.mhtml	13	
wg_vBj	wg_vBj A‡iÄ	C1 MCQ 1.mhtml	13	
 DfqB	  b & c  DfqB	C1 MCQ 1.mhtml	13	
Y	†¯úK‡UªvwgUv‡ii  2.0 cm  ˆ`‡N©¨i †m‡j ivLv  3.85×10−4 molL−1  NbgvÎvi †Kv‡bv iÄ‡Ki `ªeY  550 nm  Zi½	C1 MCQ 1.mhtml	15	
i 	†¯úK‡UªvwgUv‡ii  2.0 cm  ˆ`‡N©¨i †m‡j ivLv  3.85×10−4 molL−1  NbgvÎvi †Kv‡bv iÄ‡Ki `ªeY  550 nm  Zi½	C1 MCQ 1.mhtml	15	
GKwU	GKwU  250 cm3  d¬v‡¯‹  5.0 g  Kve©‡bU †hŠM we`¨gvb| `ªe‡Yi NbgvÎv   0.2 M | D³ †hŠ‡Mi m¤¢ve¨ ms‡KZ †	C1 MCQ 1.mhtml	16	
 I 	  10 g H2  I   25 g O2  wewµqv Ki‡j STP -†Z KZ AvqZb cvwb Drcbœ n‡e?	C1 MCQ 1.mhtml	17	
 [	∴2.5>2532∴nH22>nO21  [O2  wjwgwUs wewµqK]	C1 MCQ 1.mhtml	17	
wjwgwUs	∴2.5>2532∴nH22>nO21  [O2  wjwgwUs wewµqK]	C1 MCQ 1.mhtml	17	
]	∴2.5>2532∴nH22>nO21  [O2  wjwgwUs wewµqK]	C1 MCQ 1.mhtml	17	
AvqZb	UvB‡UªkbKv‡j Zi‡ji AvqZb m~²fv‡e cwigv‡ci Rb¨ †KvbwU e¨eüZ nq?	C1 MCQ 1.mhtml	18	
KvbwU	UvB‡UªkbKv‡j Zi‡ji AvqZb m~²fv‡e cwigv‡ci Rb¨ †KvbwU e¨eüZ nq?	C1 MCQ 1.mhtml	18	
 nq?	UvB‡UªkbKv‡j Zi‡ji AvqZb m~²fv‡e cwigv‡ci Rb¨ †KvbwU e¨eüZ nq?	C1 MCQ 1.mhtml	18	
 I 	wc‡cU I Kwb‡Kj d¬v¯‹	C1 MCQ 1.mhtml	18	
ey	ey¨‡iU I wc‡cU	C1 MCQ 1.mhtml	18	
iU	ey¨‡iU I wc‡cU	C1 MCQ 1.mhtml	18	
 I 	ey¨‡iU I wc‡cU	C1 MCQ 1.mhtml	18	
ey	ey¨‡iU I †gRvwis d¬v¯‹	C1 MCQ 1.mhtml	18	
iU	ey¨‡iU I †gRvwis d¬v¯‹	C1 MCQ 1.mhtml	18	
gRvwis	ey¨‡iU I †gRvwis d¬v¯‹	C1 MCQ 1.mhtml	18	
gRvwis	†gRvwis wmwjÛvi I Kwb‡Kj d¬v¯‹	C1 MCQ 1.mhtml	18	
 I 	†gRvwis wmwjÛvi I Kwb‡Kj d¬v¯‹	C1 MCQ 1.mhtml	18	
 avZz, 	j¨ve‡iUwi‡Z Ae¨eüZ Na  avZz,  NaH, LiAlH4  bó Ki‡Z †KvbwU‡K e¨envi Kiv †h‡Z cv‡i?	C1 MCQ 1.mhtml	19	
weDUvbj	weDUvbj	C1 MCQ 1.mhtml	19	
B_vbj	B_vbj	C1 MCQ 1.mhtml	19	
wg_vbj	wg_vbj	C1 MCQ 1.mhtml	19	
jv	me‡¸‡jv	C1 MCQ 1.mhtml	19	
Zvgvi	wcÖq wkÿv_©x, †Zvgvi cÖwZwU K¬v‡mi gv‡bvbœq‡b Avgiv m‡Pó I AvšÍwiK| †mRb¨B GB g~j¨vqb cÖwµqv| G‡ÿ‡Î 	C1 MCQ 1.mhtml	20	
Avgiv	wcÖq wkÿv_©x, †Zvgvi cÖwZwU K¬v‡mi gv‡bvbœq‡b Avgiv m‡Pó I AvšÍwiK| †mRb¨B GB g~j¨vqb cÖwµqv| G‡ÿ‡Î 	C1 MCQ 1.mhtml	20	
 I 	wcÖq wkÿv_©x, †Zvgvi cÖwZwU K¬v‡mi gv‡bvbœq‡b Avgiv m‡Pó I AvšÍwiK| †mRb¨B GB g~j¨vqb cÖwµqv| G‡ÿ‡Î 	C1 MCQ 1.mhtml	20	
| 	wcÖq wkÿv_©x, †Zvgvi cÖwZwU K¬v‡mi gv‡bvbœq‡b Avgiv m‡Pó I AvšÍwiK| †mRb¨B GB g~j¨vqb cÖwµqv| G‡ÿ‡Î 	C1 MCQ 1.mhtml	20	
 GB 	wcÖq wkÿv_©x, †Zvgvi cÖwZwU K¬v‡mi gv‡bvbœq‡b Avgiv m‡Pó I AvšÍwiK| †mRb¨B GB g~j¨vqb cÖwµqv| G‡ÿ‡Î 	C1 MCQ 1.mhtml	20	
| 	wcÖq wkÿv_©x, †Zvgvi cÖwZwU K¬v‡mi gv‡bvbœq‡b Avgiv m‡Pó I AvšÍwiK| †mRb¨B GB g~j¨vqb cÖwµqv| G‡ÿ‡Î 	C1 MCQ 1.mhtml	20	
Zvgvi	wcÖq wkÿv_©x, †Zvgvi cÖwZwU K¬v‡mi gv‡bvbœq‡b Avgiv m‡Pó I AvšÍwiK| †mRb¨B GB g~j¨vqb cÖwµqv| G‡ÿ‡Î 	C1 MCQ 1.mhtml	20	
`	wcÖq wkÿv_©x, †Zvgvi cÖwZwU K¬v‡mi gv‡bvbœq‡b Avgiv m‡Pó I AvšÍwiK| †mRb¨B GB g~j¨vqb cÖwµqv| G‡ÿ‡Î 	C1 MCQ 1.mhtml	20	
Avgiv	wcÖq wkÿv_©x, †Zvgvi cÖwZwU K¬v‡mi gv‡bvbœq‡b Avgiv m‡Pó I AvšÍwiK| †mRb¨B GB g~j¨vqb cÖwµqv| G‡ÿ‡Î 	C1 MCQ 1.mhtml	20	
Kwi	wcÖq wkÿv_©x, †Zvgvi cÖwZwU K¬v‡mi gv‡bvbœq‡b Avgiv m‡Pó I AvšÍwiK| †mRb¨B GB g~j¨vqb cÖwµqv| G‡ÿ‡Î 	C1 MCQ 1.mhtml	20	
| 	wcÖq wkÿv_©x, †Zvgvi cÖwZwU K¬v‡mi gv‡bvbœq‡b Avgiv m‡Pó I AvšÍwiK| †mRb¨B GB g~j¨vqb cÖwµqv| G‡ÿ‡Î 	C1 MCQ 1.mhtml	20	
, 	wcÖq wkÿv_©x, †Zvgvi cÖwZwU K¬v‡mi gv‡bvbœq‡b Avgiv m‡Pó I AvšÍwiK| †mRb¨B GB g~j¨vqb cÖwµqv| G‡ÿ‡Î 	C1 MCQ 1.mhtml	20	
 `	wcÖq wkÿv_©x, †Zvgvi cÖwZwU K¬v‡mi gv‡bvbœq‡b Avgiv m‡Pó I AvšÍwiK| †mRb¨B GB g~j¨vqb cÖwµqv| G‡ÿ‡Î 	C1 MCQ 1.mhtml	20	
, 	wcÖq wkÿv_©x, †Zvgvi cÖwZwU K¬v‡mi gv‡bvbœq‡b Avgiv m‡Pó I AvšÍwiK| †mRb¨B GB g~j¨vqb cÖwµqv| G‡ÿ‡Î 	C1 MCQ 1.mhtml	20	
` 	wcÖq wkÿv_©x, †Zvgvi cÖwZwU K¬v‡mi gv‡bvbœq‡b Avgiv m‡Pó I AvšÍwiK| †mRb¨B GB g~j¨vqb cÖwµqv| G‡ÿ‡Î 	C1 MCQ 1.mhtml	20	
welq	wcÖq wkÿv_©x, †Zvgvi cÖwZwU K¬v‡mi gv‡bvbœq‡b Avgiv m‡Pó I AvšÍwiK| †mRb¨B GB g~j¨vqb cÖwµqv| G‡ÿ‡Î 	C1 MCQ 1.mhtml	20	
Zvgvi	wcÖq wkÿv_©x, †Zvgvi cÖwZwU K¬v‡mi gv‡bvbœq‡b Avgiv m‡Pó I AvšÍwiK| †mRb¨B GB g~j¨vqb cÖwµqv| G‡ÿ‡Î 	C1 MCQ 1.mhtml	20	
-	wcÖq wkÿv_©x, †Zvgvi cÖwZwU K¬v‡mi gv‡bvbœq‡b Avgiv m‡Pó I AvšÍwiK| †mRb¨B GB g~j¨vqb cÖwµqv| G‡ÿ‡Î 	C1 MCQ 1.mhtml	20	
gvUvgywU	†gvUvgywU	C1 MCQ 1.mhtml	20	
Lvivc	Lvivc	C1 MCQ 1.mhtml	20	
Kwiwb	K¬vm Kwiwb	C1 MCQ 1.mhtml	20	
|	GKRb †µZv GKwU †mvbvi Mnbv wKb‡jb| fi cwigvc Kivi Rb¨ we‡µZv MnbvwU cj-eyw½ e¨v‡j‡Ýi Wvbw`‡K †i‡L ev	C1 MCQ 2.mhtml	1	
fi cwigvc	GKRb †µZv GKwU †mvbvi Mnbv wKb‡jb| fi cwigvc Kivi Rb¨ we‡µZv MnbvwU cj-eyw½ e¨v‡j‡Ýi Wvbw`‡K †i‡L ev	C1 MCQ 2.mhtml	1	
-	GKRb †µZv GKwU †mvbvi Mnbv wKb‡jb| fi cwigvc Kivi Rb¨ we‡µZv MnbvwU cj-eyw½ e¨v‡j‡Ýi Wvbw`‡K †i‡L ev	C1 MCQ 2.mhtml	1	
| cj	GKRb †µZv GKwU †mvbvi Mnbv wKb‡jb| fi cwigvc Kivi Rb¨ we‡µZv MnbvwU cj-eyw½ e¨v‡j‡Ýi Wvbw`‡K †i‡L ev	C1 MCQ 2.mhtml	1	
-	GKRb †µZv GKwU †mvbvi Mnbv wKb‡jb| fi cwigvc Kivi Rb¨ we‡µZv MnbvwU cj-eyw½ e¨v‡j‡Ýi Wvbw`‡K †i‡L ev	C1 MCQ 2.mhtml	1	
, 	GKRb †µZv GKwU †mvbvi Mnbv wKb‡jb| fi cwigvc Kivi Rb¨ we‡µZv MnbvwU cj-eyw½ e¨v‡j‡Ýi Wvbw`‡K †i‡L ev	C1 MCQ 2.mhtml	1	
,	GKRb †µZv GKwU †mvbvi Mnbv wKb‡jb| fi cwigvc Kivi Rb¨ we‡µZv MnbvwU cj-eyw½ e¨v‡j‡Ýi Wvbw`‡K †i‡L ev	C1 MCQ 2.mhtml	1	
 Ges 	GKRb †µZv GKwU †mvbvi Mnbv wKb‡jb| fi cwigvc Kivi Rb¨ we‡µZv MnbvwU cj-eyw½ e¨v‡j‡Ýi Wvbw`‡K †i‡L ev	C1 MCQ 2.mhtml	1	
 GKwU	GKRb †µZv GKwU †mvbvi Mnbv wKb‡jb| fi cwigvc Kivi Rb¨ we‡µZv MnbvwU cj-eyw½ e¨v‡j‡Ýi Wvbw`‡K †i‡L ev	C1 MCQ 2.mhtml	1	
Mnbvi fi = 	Mnbvi fi =  3.5931 g. 	C1 MCQ 2.mhtml	1	
 Ni  	∴  ivBWv‡ii Ae¯’vb =3.6−3.59310.0001=69  Ni  	C1 MCQ 2.mhtml	1	
Mvp 	Mvp H2SO4+K2Cr2O7  	C1 MCQ 2.mhtml	2	
Mvp 	Mvp HCl+  K2Cr2O7  	C1 MCQ 2.mhtml	2	
jNy 	jNy H2SO4+KMnO4  	C1 MCQ 2.mhtml	2	
Mvp 	Mvp HCl+  Mvp HNO3  	C1 MCQ 2.mhtml	2	
 Mvp 	Mvp HCl+  Mvp HNO3  	C1 MCQ 2.mhtml	2	
 wU 	  230 mg CO2  M¨v‡mi mv‡_ 6.023×1021  wU CO2  AYy †hvM Kiv n‡j, we`¨gvb AYyi msL¨v-	C1 MCQ 2.mhtml	3	
a,b,c,d 	aKMnO4+3H2SO4+bH2C2O4→K2SO4+cMnSO4+8H2O+dCO2,  wewµqvwUi mgZvKi‡Y a,b,c,d Gi gvb h_vµ‡g-	C1 MCQ 2.mhtml	4	
Gi gvb 	aKMnO4+3H2SO4+bH2C2O4→K2SO4+cMnSO4+8H2O+dCO2,  wewµqvwUi mgZvKi‡Y a,b,c,d Gi gvb h_vµ‡g-	C1 MCQ 2.mhtml	4	
 cigv	 Ca (OCl―)Cl  †hŠ‡M `vMvw¼Z Cl  cigvYyi RviY gvb KZ?	C1 MCQ 2.mhtml	5	
Y	 Ca (OCl―)Cl  †hŠ‡M `vMvw¼Z Cl  cigvYyi RviY gvb KZ?	C1 MCQ 2.mhtml	5	
yi RviY gvb KZ?	 Ca (OCl―)Cl  †hŠ‡M `vMvw¼Z Cl  cigvYyi RviY gvb KZ?	C1 MCQ 2.mhtml	5	
 cwimi-	†dbj †i‡Wi eY© cwieZ©‡bi pH  cwimi-	C1 MCQ 2.mhtml	9	
| 	j¨ve‡iUwi‡Z `yBwU wfbœ wi‡q‡R›U †evZ‡j KOH  `ªeY iwÿZ Av‡Q| GKwUi NbgvÎv  0.4 M  Ges AciwUi NbgvÎv  	C1 MCQ 2.mhtml	11	
i	wb‡Pi †KvbwU cÖvBgvwi ÷¨vÛvW© c`v_©?	C1 MCQ 2.mhtml	12	
 I 	HCl  I NaOH  Gi cÖkgb wewµqvq wb‡`©kK wn‡m‡e Dchy³ †KvbwU?	C1 MCQ 2.mhtml	13	
Kx cwigvY 	Kcvi mvj‡dU I cUvwkqvg Av‡qvWvB‡Wi wewµqvq  1 mol  Av‡qvwWb ˆZwi Ki‡Z Kx cwigvY cUvwkqvg Av‡qvWvBW c	C1 MCQ 2.mhtml	14	
GKwU 	GKwU  250 cm3  d¬v‡¯‹  4.2 g  Kve©‡bU †hŠM we`¨gvb| `ªe‡Yi NbgvÎv  0.2 M | †hŠ‡Mi m¤¢ve¨ ms‡KZ †Kvbw	C1 MCQ 2.mhtml	16	
Nb	  16 g C3H8  M¨vm‡K  0.15 M  NbgvÎvi   2.25 L O2  Øviv `nb Ki‡j STP -†Z we`¨gvb M¨v‡mi †gvU AvqZb KZ	C1 MCQ 2.mhtml	17	
Zvgvi	wcÖq wkÿv_©x, †Zvgvi cÖwZwU K¬v‡mi gv‡bvbœq‡b Avgiv m‡Pó I AvšÍwiK| †mRb¨B GB g~j¨vqb cÖwµqv| G‡ÿ‡Î 	C1 MCQ 2.mhtml	20	
Avgiv	wcÖq wkÿv_©x, †Zvgvi cÖwZwU K¬v‡mi gv‡bvbœq‡b Avgiv m‡Pó I AvšÍwiK| †mRb¨B GB g~j¨vqb cÖwµqv| G‡ÿ‡Î 	C1 MCQ 2.mhtml	20	
 I 	wcÖq wkÿv_©x, †Zvgvi cÖwZwU K¬v‡mi gv‡bvbœq‡b Avgiv m‡Pó I AvšÍwiK| †mRb¨B GB g~j¨vqb cÖwµqv| G‡ÿ‡Î 	C1 MCQ 2.mhtml	20	
| 	wcÖq wkÿv_©x, †Zvgvi cÖwZwU K¬v‡mi gv‡bvbœq‡b Avgiv m‡Pó I AvšÍwiK| †mRb¨B GB g~j¨vqb cÖwµqv| G‡ÿ‡Î 	C1 MCQ 2.mhtml	20	
 GB 	wcÖq wkÿv_©x, †Zvgvi cÖwZwU K¬v‡mi gv‡bvbœq‡b Avgiv m‡Pó I AvšÍwiK| †mRb¨B GB g~j¨vqb cÖwµqv| G‡ÿ‡Î 	C1 MCQ 2.mhtml	20	
| 	wcÖq wkÿv_©x, †Zvgvi cÖwZwU K¬v‡mi gv‡bvbœq‡b Avgiv m‡Pó I AvšÍwiK| †mRb¨B GB g~j¨vqb cÖwµqv| G‡ÿ‡Î 	C1 MCQ 2.mhtml	20	
Zvgvi	wcÖq wkÿv_©x, †Zvgvi cÖwZwU K¬v‡mi gv‡bvbœq‡b Avgiv m‡Pó I AvšÍwiK| †mRb¨B GB g~j¨vqb cÖwµqv| G‡ÿ‡Î 	C1 MCQ 2.mhtml	20	
`	wcÖq wkÿv_©x, †Zvgvi cÖwZwU K¬v‡mi gv‡bvbœq‡b Avgiv m‡Pó I AvšÍwiK| †mRb¨B GB g~j¨vqb cÖwµqv| G‡ÿ‡Î 	C1 MCQ 2.mhtml	20	
Avgiv	wcÖq wkÿv_©x, †Zvgvi cÖwZwU K¬v‡mi gv‡bvbœq‡b Avgiv m‡Pó I AvšÍwiK| †mRb¨B GB g~j¨vqb cÖwµqv| G‡ÿ‡Î 	C1 MCQ 2.mhtml	20	
Kwi	wcÖq wkÿv_©x, †Zvgvi cÖwZwU K¬v‡mi gv‡bvbœq‡b Avgiv m‡Pó I AvšÍwiK| †mRb¨B GB g~j¨vqb cÖwµqv| G‡ÿ‡Î 	C1 MCQ 2.mhtml	20	
| 	wcÖq wkÿv_©x, †Zvgvi cÖwZwU K¬v‡mi gv‡bvbœq‡b Avgiv m‡Pó I AvšÍwiK| †mRb¨B GB g~j¨vqb cÖwµqv| G‡ÿ‡Î 	C1 MCQ 2.mhtml	20	
, 	wcÖq wkÿv_©x, †Zvgvi cÖwZwU K¬v‡mi gv‡bvbœq‡b Avgiv m‡Pó I AvšÍwiK| †mRb¨B GB g~j¨vqb cÖwµqv| G‡ÿ‡Î 	C1 MCQ 2.mhtml	20	
 `	wcÖq wkÿv_©x, †Zvgvi cÖwZwU K¬v‡mi gv‡bvbœq‡b Avgiv m‡Pó I AvšÍwiK| †mRb¨B GB g~j¨vqb cÖwµqv| G‡ÿ‡Î 	C1 MCQ 2.mhtml	20	
, 	wcÖq wkÿv_©x, †Zvgvi cÖwZwU K¬v‡mi gv‡bvbœq‡b Avgiv m‡Pó I AvšÍwiK| †mRb¨B GB g~j¨vqb cÖwµqv| G‡ÿ‡Î 	C1 MCQ 2.mhtml	20	
` 	wcÖq wkÿv_©x, †Zvgvi cÖwZwU K¬v‡mi gv‡bvbœq‡b Avgiv m‡Pó I AvšÍwiK| †mRb¨B GB g~j¨vqb cÖwµqv| G‡ÿ‡Î 	C1 MCQ 2.mhtml	20	
welq	wcÖq wkÿv_©x, †Zvgvi cÖwZwU K¬v‡mi gv‡bvbœq‡b Avgiv m‡Pó I AvšÍwiK| †mRb¨B GB g~j¨vqb cÖwµqv| G‡ÿ‡Î 	C1 MCQ 2.mhtml	20	
Zvgvi	wcÖq wkÿv_©x, †Zvgvi cÖwZwU K¬v‡mi gv‡bvbœq‡b Avgiv m‡Pó I AvšÍwiK| †mRb¨B GB g~j¨vqb cÖwµqv| G‡ÿ‡Î 	C1 MCQ 2.mhtml	20	
-	wcÖq wkÿv_©x, †Zvgvi cÖwZwU K¬v‡mi gv‡bvbœq‡b Avgiv m‡Pó I AvšÍwiK| †mRb¨B GB g~j¨vqb cÖwµqv| G‡ÿ‡Î 	C1 MCQ 2.mhtml	20	
gvUvgywU	†gvUvgywU	C1 MCQ 2.mhtml	20	
Lvivc	Lvivc	C1 MCQ 2.mhtml	20	
Kwiwb	K¬vm Kwiwb	C1 MCQ 2.mhtml	20	
-	 6.25 g  eøy-wfwUªIj‡K cvwb‡Z `ªexf~Z K‡i  150 mL  `ªeY cÖ¯‘Z Kiv n‡jv| G `ªe‡Yi  10 mL  wb‡q AwZwi³	C1 WRITTEN 1.mhtml	1	
,	 6.25 g  eøy-wfwUªIj‡K cvwb‡Z `ªexf~Z K‡i  150 mL  `ªeY cÖ¯‘Z Kiv n‡jv| G `ªe‡Yi  10 mL  wb‡q AwZwi³	C1 WRITTEN 1.mhtml	1	
-	 6.25 g  eøy-wfwUªIj‡K cvwb‡Z `ªexf~Z K‡i  150 mL  `ªeY cÖ¯‘Z Kiv n‡jv| G `ªe‡Yi  10 mL  wb‡q AwZwi³	C1 WRITTEN 1.mhtml	1	
 Gi fi 	10mL  G Abv`ª© CuSO4  Gi fi  =9×10−4×(63. 5+32+16×4)=0.14355g  	C1 WRITTEN 1.mhtml	1	
G fi 	 ∴150mL  G fi =0.14355×15010=2.15g  	C1 WRITTEN 1.mhtml	1	
2) = 04 	wewµqv 2 wU †jLvi Rb¨ (02× 2) = 04 b¤^i| 	C1 WRITTEN 1.mhtml	1	
; 	Abv`ª© CuSO4  Gi cÖK…Z fi =2.15g ; wbY©q Kivi Rb¨ 06 b¤^i| 	C1 WRITTEN 1.mhtml	1	
| 	Abv`ª© CuSO4  Gi cÖK…Z fi =2.15g ; wbY©q Kivi Rb¨ 06 b¤^i| 	C1 WRITTEN 1.mhtml	1	
[	[we.`ª.: GKK bv wjL‡j ev fyj GKK wjL‡j 01 b¤^i KZ©b Kiv n‡e|] 	C1 WRITTEN 1.mhtml	1	
|	[we.`ª.: GKK bv wjL‡j ev fyj GKK wjL‡j 01 b¤^i KZ©b Kiv n‡e|] 	C1 WRITTEN 1.mhtml	1	
]	[we.`ª.: GKK bv wjL‡j ev fyj GKK wjL‡j 01 b¤^i KZ©b Kiv n‡e|] 	C1 WRITTEN 1.mhtml	1	
 Ges 	GKwU A·vwjK GwmW `ªeY‡K m¤ú~Y©iƒ‡c RvwiZ Ki‡Z jNy H2SO4  hy³       20 mL  0.03 M  KMnO4  Ges    10.5	C1 WRITTEN 2.mhtml	1	
 Gi kZKiv cwigvY 	GKwU A·vwjK GwmW `ªeY‡K m¤ú~Y©iƒ‡c RvwiZ Ki‡Z jNy H2SO4  hy³       20 mL  0.03 M  KMnO4  Ges    10.5	C1 WRITTEN 2.mhtml	1	
 Gi kZKiv cwigvY	∴H2C2O4  Gi kZKiv cwigvY =(1.5×10−3+6.3×10−4)×90×100150=0.1278% (w/v) 	C1 WRITTEN 2.mhtml	1	
2) = 04 	wewµqv 2 wU †jLvi Rb¨ (02× 2) = 04 b¤^i| 	C1 WRITTEN 2.mhtml	1	
 Gi kZKiv cwigvY	H2C2O4  Gi kZKiv cwigvY =0.1278% (w/v) ; wbY©q Kivi Rb¨ 06 b¤^i| 	C1 WRITTEN 2.mhtml	1	
; 	H2C2O4  Gi kZKiv cwigvY =0.1278% (w/v) ; wbY©q Kivi Rb¨ 06 b¤^i| 	C1 WRITTEN 2.mhtml	1	
|	[we.`ª.: mgZvnxb cÖwZwU wewµqvi Rb¨ 01 b¤^i K‡i KZ©b Kiv n‡e|]	C1 WRITTEN 2.mhtml	1	
]	[we.`ª.: mgZvnxb cÖwZwU wewµqvi Rb¨ 01 b¤^i K‡i KZ©b Kiv n‡e|]	C1 WRITTEN 2.mhtml	1	
2) = 04 	wewµqv 2 wU †jLvi Rb¨ (02× 2) = 04 b¤^i| 	C1 WRITTEN 2.mhtml	1	
; 	 W=0.1917 g ; wbY©q Kivi Rb¨ 03 b¤^i| 	C1 WRITTEN 2.mhtml	1	
 Gi kZKiv cwigvY	H2C2O4  Gi kZKiv cwigvY =0.1278% (w/v) ; wbY©q Kivi Rb¨ 03 b¤^i| 	C1 WRITTEN 2.mhtml	1	
; 	H2C2O4  Gi kZKiv cwigvY =0.1278% (w/v) ; wbY©q Kivi Rb¨ 03 b¤^i| 	C1 WRITTEN 2.mhtml	1	
|	[we.`ª.: mgZvnxb cÖwZwU wewµqvi Rb¨ 01 b¤^i K‡i KZ©b Kiv n‡e|]	C1 WRITTEN 2.mhtml	1	
]	[we.`ª.: mgZvnxb cÖwZwU wewµqvi Rb¨ 01 b¤^i K‡i KZ©b Kiv n‡e|]	C1 WRITTEN 2.mhtml	1	
 Ges 	CaCO3  Ges MgCO3  Gi  50 g  wgkÖY‡K DËß Ki‡j  26 g  KwVb Ae‡kl cvIqv hvq| wgkÖ‡Y Dcw¯’Z MgCO3  Gi kZ	C1 WRITTEN 3.mhtml	1	
 Gi 	CaCO3  Ges MgCO3  Gi  50 g  wgkÖY‡K DËß Ki‡j  26 g  KwVb Ae‡kl cvIqv hvq| wgkÖ‡Y Dcw¯’Z MgCO3  Gi kZ	C1 WRITTEN 3.mhtml	1	
 Gi kZKiv cwigvY 	wgkÖ‡Y MgCO3  Gi kZKiv cwigvY =23.8650×100%=47.72% 	C1 WRITTEN 3.mhtml	1	
 Gi kZKiv cwigvY 	MgCO3  Gi kZKiv cwigvY =47.72% ; wbY©q Kivi Rb¨ 05 b¤^i| 	C1 WRITTEN 3.mhtml	1	
; 	    V=5855.36 mL= 5.86 L  ; wbY©q Kivi Rb¨ 05 b¤^i| 	C1 WRITTEN 3.mhtml	1	
5	    V=5855.36 mL= 5.86 L  ; wbY©q Kivi Rb¨ 05 b¤^i| 	C1 WRITTEN 3.mhtml	1	
|	[we.`ª.: GKK bv wjL‡j ev fyj GKK wjL‡j 01 b¤^i KZ©b Kiv n‡e|] 	C1 WRITTEN 3.mhtml	1	
] 	[we.`ª.: GKK bv wjL‡j ev fyj GKK wjL‡j 01 b¤^i KZ©b Kiv n‡e|] 	C1 WRITTEN 3.mhtml	1	
GKwU	GKwU †gUvj wK¬wbs KviLvbvi eR¨© cwi‡kvabvMv‡i †aŠZKiY cÖwµqv †k‡l wbM©Z A¤øxq eR©¨ `ªe‡Y HCl -Gi Nbg	C1 WRITTEN 4.mhtml	1	
gUvj	GKwU †gUvj wK¬wbs KviLvbvi eR¨© cwi‡kvabvMv‡i †aŠZKiY cÖwµqv †k‡l wbM©Z A¤øxq eR©¨ `ªe‡Y HCl -Gi Nbg	C1 WRITTEN 4.mhtml	1	
KviLvbvi	GKwU †gUvj wK¬wbs KviLvbvi eR¨© cwi‡kvabvMv‡i †aŠZKiY cÖwµqv †k‡l wbM©Z A¤øxq eR©¨ `ªe‡Y HCl -Gi Nbg	C1 WRITTEN 4.mhtml	1	
eR	GKwU †gUvj wK¬wbs KviLvbvi eR¨© cwi‡kvabvMv‡i †aŠZKiY cÖwµqv †k‡l wbM©Z A¤øxq eR©¨ `ªe‡Y HCl -Gi Nbg	C1 WRITTEN 4.mhtml	1	
eR	GKwU †gUvj wK¬wbs KviLvbvi eR¨© cwi‡kvabvMv‡i †aŠZKiY cÖwµqv †k‡l wbM©Z A¤øxq eR©¨ `ªe‡Y HCl -Gi Nbg	C1 WRITTEN 4.mhtml	1	
/	GKwU †gUvj wK¬wbs KviLvbvi eR¨© cwi‡kvabvMv‡i †aŠZKiY cÖwµqv †k‡l wbM©Z A¤øxq eR©¨ `ªe‡Y HCl -Gi Nbg	C1 WRITTEN 4.mhtml	1	
? 	GKwU †gUvj wK¬wbs KviLvbvi eR¨© cwi‡kvabvMv‡i †aŠZKiY cÖwµqv †k‡l wbM©Z A¤øxq eR©¨ `ªe‡Y HCl -Gi Nbg	C1 WRITTEN 4.mhtml	1	
[	GKwU †gUvj wK¬wbs KviLvbvi eR¨© cwi‡kvabvMv‡i †aŠZKiY cÖwµqv †k‡l wbM©Z A¤øxq eR©¨ `ªe‡Y HCl -Gi Nbg	C1 WRITTEN 4.mhtml	1	
]	GKwU †gUvj wK¬wbs KviLvbvi eR¨© cwi‡kvabvMv‡i †aŠZKiY cÖwµqv †k‡l wbM©Z A¤øxq eR©¨ `ªe‡Y HCl -Gi Nbg	C1 WRITTEN 4.mhtml	1	
eR	eR©¨ `ªe‡Yi fi   =2×1.14=2.28 kg=2280 g 	C1 WRITTEN 4.mhtml	1	
 fi 	eR©¨ `ªe‡Yi fi   =2×1.14=2.28 kg=2280 g 	C1 WRITTEN 4.mhtml	1	
 Gi cwigvY 	HCl  Gi cwigvY  =8100×2280=182.4 g 	C1 WRITTEN 4.mhtml	1	
wU 	∴  A¨vjywgbv c¨v‡K‡U cÖ‡qvRb   =84.97425×10−3=199.93 ≈200  wU 	C1 WRITTEN 4.mhtml	1	
 wU 	∴  200  wU A¨vjywgbv c¨v‡KU cÖ‡qvRb|	C1 WRITTEN 4.mhtml	1	
|	∴  200  wU A¨vjywgbv c¨v‡KU cÖ‡qvRb|	C1 WRITTEN 4.mhtml	1	
i	b¤^i eÈbt	C1 WRITTEN 4.mhtml	1	
i	 nHCl=5 mol;  wbY©q Kivi Rb¨ 02 b¤^i| 	C1 WRITTEN 4.mhtml	1	
| 	 nHCl=5 mol;  wbY©q Kivi Rb¨ 02 b¤^i| 	C1 WRITTEN 4.mhtml	1	
wU; 	A¨vjywgbv c¨v‡K‡U cÖ‡qvRb  =200  wU; wbY©q Kivi Rb¨ 05 b¤^i|  	C1 WRITTEN 4.mhtml	1	
i	A¨vjywgbv c¨v‡K‡U cÖ‡qvRb  =200  wU; wbY©q Kivi Rb¨ 05 b¤^i|  	C1 WRITTEN 4.mhtml	1	
|  	A¨vjywgbv c¨v‡K‡U cÖ‡qvRb  =200  wU; wbY©q Kivi Rb¨ 05 b¤^i|  	C1 WRITTEN 4.mhtml	1	
I 	(1,2)  I (13,−18)  Gi ms‡hvRK †iLvi mgPZyL©ÛK we›`y¸‡jvi GKwU n‡jv-	M1 MCQ 1.mhtml	1	
j	(1,2)  I (13,−18)  Gi ms‡hvRK †iLvi mgPZyL©ÛK we›`y¸‡jvi GKwU n‡jv-	M1 MCQ 1.mhtml	1	
v	(1,2)  I (13,−18)  Gi ms‡hvRK †iLvi mgPZyL©ÛK we›`y¸‡jvi GKwU n‡jv-	M1 MCQ 1.mhtml	1	
-	(1,2)  I (13,−18)  Gi ms‡hvRK †iLvi mgPZyL©ÛK we›`y¸‡jvi GKwU n‡jv-	M1 MCQ 1.mhtml	1	
 Ges 	Aci we›`yØq, (1+72,2−82)=(4,−3)  Ges (7+132,−8−182)=(10,−13)  	M1 MCQ 1.mhtml	1	
CD	wP‡Î CD, AB evûi Dci Aw¼Z ga¨gv| CD Gi ˆ`N¨© KZ GKK?	M1 MCQ 1.mhtml	2	
, 	wP‡Î CD, AB evûi Dci Aw¼Z ga¨gv| CD Gi ˆ`N¨© KZ GKK?	M1 MCQ 1.mhtml	2	
AB	wP‡Î CD, AB evûi Dci Aw¼Z ga¨gv| CD Gi ˆ`N¨© KZ GKK?	M1 MCQ 1.mhtml	2	
CD	wP‡Î CD, AB evûi Dci Aw¼Z ga¨gv| CD Gi ˆ`N¨© KZ GKK?	M1 MCQ 1.mhtml	2	
5	5	M1 MCQ 1.mhtml	2	
D 	D ≡(−3+72,−3−12)≡(2,−2) 	M1 MCQ 1.mhtml	2	
GKK	∴CD=(5−2)2+(2+2)2=5  GKK	M1 MCQ 1.mhtml	2	
 y-	†Kv‡bv †m‡Ui GKwU we›`y Ggb †h, g~jwe›`y n‡Z we›`ywUi `~iZ¡ y-A¶‡iLv †_‡K Zvi `~i‡Z¡i wØ¸Y, we›`ywUi	M1 MCQ 1.mhtml	4	
Ges	y=2  Ges 2x−2y+3=0  †iLvØ‡qi AšÍf©z³ †KvY KZ?	M1 MCQ 1.mhtml	5	
[	[∵  ¯’~j‡KvY Option-G †bB]	M1 MCQ 1.mhtml	5	
Option	[∵  ¯’~j‡KvY Option-G †bB]	M1 MCQ 1.mhtml	5	
]	[∵  ¯’~j‡KvY Option-G †bB]	M1 MCQ 1.mhtml	5	
Kv	†Kv‡bv wÎfz‡Ri GKwU kxl©we›`y  (5,3)   Ges Zvi wecixZ evûi ga¨we›`y (5,12)  n‡j, Gi fi‡K‡›`ªi ¯’vbv¼	M1 MCQ 1.mhtml	6	
b	†Kv‡bv wÎfz‡Ri GKwU kxl©we›`y  (5,3)   Ges Zvi wecixZ evûi ga¨we›`y (5,12)  n‡j, Gi fi‡K‡›`ªi ¯’vbv¼	M1 MCQ 1.mhtml	6	
v	†Kv‡bv wÎfz‡Ri GKwU kxl©we›`y  (5,3)   Ges Zvi wecixZ evûi ga¨we›`y (5,12)  n‡j, Gi fi‡K‡›`ªi ¯’vbv¼	M1 MCQ 1.mhtml	6	
,	†Kv‡bv wÎfz‡Ri GKwU kxl©we›`y  (5,3)   Ges Zvi wecixZ evûi ga¨we›`y (5,12)  n‡j, Gi fi‡K‡›`ªi ¯’vbv¼	M1 MCQ 1.mhtml	6	
 I 	(5,9)  we›`ywU (5,3)  I (5,12)  †K 2:1  Abycv‡Z AšÍwe©f³ K‡i| 	M1 MCQ 1.mhtml	6	
|	(5,9)  we›`ywU (5,3)  I (5,12)  †K 2:1  Abycv‡Z AšÍwe©f³ K‡i| 	M1 MCQ 1.mhtml	6	
awi, 	awi, C  we›`yi ¯’vbv¼ (0,b) 	M1 MCQ 1.mhtml	7	
 I 	3x+4y=20  I 6x+8y=20  †iLvØ‡qi ga¨eZ©x j¤^ `~iZ¡ KZ?	M1 MCQ 1.mhtml	8	
GKK	0  GKK	M1 MCQ 1.mhtml	8	
GKK	2  GKK	M1 MCQ 1.mhtml	8	
GKK	1  GKK	M1 MCQ 1.mhtml	8	
GKK	12  GKK	M1 MCQ 1.mhtml	8	
GKK	∴d=|20−1032+42|=2  GKK	M1 MCQ 1.mhtml	8	
 I 	GKwU wÎfz‡Ri kxl©Îq  (6a,3b), (−2b,3c)  I (−2c,−a) | Gi fi‡K›`ª x -A‡ÿ Aew¯’Z n‡j, fi‡K‡›`ªi fzR †Kv	M1 MCQ 1.mhtml	9	
|	GKwU wÎfz‡Ri kxl©Îq  (6a,3b), (−2b,3c)  I (−2c,−a) | Gi fi‡K›`ª x -A‡ÿ Aew¯’Z n‡j, fi‡K‡›`ªi fzR †Kv	M1 MCQ 1.mhtml	9	
fzR 	3(b+c)−a=0⇒b+c=a3∴  fzR =169a 	M1 MCQ 1.mhtml	9	
 I 	GKwU wÎfz‡Ri `yBwU kxl©  (1, 3)  I  (3, 1)  Ges Aci kxl© x+y=12  †iLvq Ae¯’vb K‡i| wÎfzRwUi †ÿÎdj KZ	M1 MCQ 1.mhtml	10	
 Ges	GKwU wÎfz‡Ri `yBwU kxl©  (1, 3)  I  (3, 1)  Ges Aci kxl© x+y=12  †iLvq Ae¯’vb K‡i| wÎfzRwUi †ÿÎdj KZ	M1 MCQ 1.mhtml	10	
8	8	M1 MCQ 1.mhtml	10	
6	6	M1 MCQ 1.mhtml	10	
12	12	M1 MCQ 1.mhtml	10	
9	9	M1 MCQ 1.mhtml	10	
I 	(1,2)  I (−2,3) 	M1 MCQ 1.mhtml	11	
I 	 (1, 2)  I  (4, 0) 	M1 MCQ 1.mhtml	11	
I 	 (2, 3)  I   (4,  0) 	M1 MCQ 1.mhtml	11	
 I 	 (2, 3)  I  (2, −1) 	M1 MCQ 1.mhtml	11	
Ges	3(p2−q2)x+6y=7  Ges  3(p2+q2) x+18y=21  mgxKiY `ywU GKB mij‡iLv cÖKvk Ki‡j p  I q  Gi gvb KZ nIqv m¤	M1 MCQ 1.mhtml	12	
mgxKiY `ywU	3(p2−q2)x+6y=7  Ges  3(p2+q2) x+18y=21  mgxKiY `ywU GKB mij‡iLv cÖKvk Ki‡j p  I q  Gi gvb KZ nIqv m¤	M1 MCQ 1.mhtml	12	
 I 	3(p2−q2)x+6y=7  Ges  3(p2+q2) x+18y=21  mgxKiY `ywU GKB mij‡iLv cÖKvk Ki‡j p  I q  Gi gvb KZ nIqv m¤	M1 MCQ 1.mhtml	12	
 Gi 	3(p2−q2)x+6y=7  Ges  3(p2+q2) x+18y=21  mgxKiY `ywU GKB mij‡iLv cÖKvk Ki‡j p  I q  Gi gvb KZ nIqv m¤	M1 MCQ 1.mhtml	12	
Ges	x+y=0,x−y=0  Ges x=7  †iLvÎq Øviv MwVZ wÎfz‡Ri †KvY wZbwU n‡e-	M1 MCQ 1.mhtml	13	
Ges	†KvY¸‡jv n‡”Q, 45o,45o  Ges 90o 	M1 MCQ 1.mhtml	13	
Gi 	∆ABC   Gi    D (3,2) , E(5,9)  Ges   F (11,3)  h_vµ‡g BC,AC  I AB  Gi ga¨we›`y n‡j A  Gi ¯’vbv¼ †Kvb	M1 MCQ 1.mhtml	15	
 Ges	∆ABC   Gi    D (3,2) , E(5,9)  Ges   F (11,3)  h_vµ‡g BC,AC  I AB  Gi ga¨we›`y n‡j A  Gi ¯’vbv¼ †Kvb	M1 MCQ 1.mhtml	15	
 I 	∆ABC   Gi    D (3,2) , E(5,9)  Ges   F (11,3)  h_vµ‡g BC,AC  I AB  Gi ga¨we›`y n‡j A  Gi ¯’vbv¼ †Kvb	M1 MCQ 1.mhtml	15	
 I 	3x+4y=5  I 4x−3y=3  †iLvØ‡qi ga¨eZ©x m~²‡Kv‡Yi mgwØLÛ‡Ki mgxKiY †KvbwU?	M1 MCQ 1.mhtml	16	
(1, 2) 	(1, 2) we›`y n‡Z x−3y+4=0  †iLvi Dci GKwU j¤^ Aw¼Z n‡jv| g~jwe›`y n‡Z H j‡¤^i `~iZ¡ KZ?	M1 MCQ 1.mhtml	19	
j	(1, 2) we›`y n‡Z x−3y+4=0  †iLvi Dci GKwU j¤^ Aw¼Z n‡jv| g~jwe›`y n‡Z H j‡¤^i `~iZ¡ KZ?	M1 MCQ 1.mhtml	19	
v	(1, 2) we›`y n‡Z x−3y+4=0  †iLvi Dci GKwU j¤^ Aw¼Z n‡jv| g~jwe›`y n‡Z H j‡¤^i `~iZ¡ KZ?	M1 MCQ 1.mhtml	19	
GKK	2+32  GKK	M1 MCQ 1.mhtml	19	
GKK	2−32  GKK	M1 MCQ 1.mhtml	19	
GKK	2+3  GKK	M1 MCQ 1.mhtml	19	
GKK	2−3  GKK	M1 MCQ 1.mhtml	19	
|	3x+y=3+2 | g~jwe›`y n‡Z j‡¤^i `~iZ¡	M1 MCQ 1.mhtml	19	
GKK	=|0+0−2−32|=2+32  GKK	M1 MCQ 1.mhtml	19	
Zvgvi	wcÖq wkÿv_©x, †Zvgvi cÖwZwU K¬v‡mi gv‡bvbœq‡b Avgiv m‡Pó I AvšÍwiK| †mRb¨B GB g~j¨vqb cÖwµqv| G‡ÿ‡Î 	M1 MCQ 1.mhtml	20	
Avgiv	wcÖq wkÿv_©x, †Zvgvi cÖwZwU K¬v‡mi gv‡bvbœq‡b Avgiv m‡Pó I AvšÍwiK| †mRb¨B GB g~j¨vqb cÖwµqv| G‡ÿ‡Î 	M1 MCQ 1.mhtml	20	
 I 	wcÖq wkÿv_©x, †Zvgvi cÖwZwU K¬v‡mi gv‡bvbœq‡b Avgiv m‡Pó I AvšÍwiK| †mRb¨B GB g~j¨vqb cÖwµqv| G‡ÿ‡Î 	M1 MCQ 1.mhtml	20	
| 	wcÖq wkÿv_©x, †Zvgvi cÖwZwU K¬v‡mi gv‡bvbœq‡b Avgiv m‡Pó I AvšÍwiK| †mRb¨B GB g~j¨vqb cÖwµqv| G‡ÿ‡Î 	M1 MCQ 1.mhtml	20	
 GB 	wcÖq wkÿv_©x, †Zvgvi cÖwZwU K¬v‡mi gv‡bvbœq‡b Avgiv m‡Pó I AvšÍwiK| †mRb¨B GB g~j¨vqb cÖwµqv| G‡ÿ‡Î 	M1 MCQ 1.mhtml	20	
| 	wcÖq wkÿv_©x, †Zvgvi cÖwZwU K¬v‡mi gv‡bvbœq‡b Avgiv m‡Pó I AvšÍwiK| †mRb¨B GB g~j¨vqb cÖwµqv| G‡ÿ‡Î 	M1 MCQ 1.mhtml	20	
Zvgvi	wcÖq wkÿv_©x, †Zvgvi cÖwZwU K¬v‡mi gv‡bvbœq‡b Avgiv m‡Pó I AvšÍwiK| †mRb¨B GB g~j¨vqb cÖwµqv| G‡ÿ‡Î 	M1 MCQ 1.mhtml	20	
`	wcÖq wkÿv_©x, †Zvgvi cÖwZwU K¬v‡mi gv‡bvbœq‡b Avgiv m‡Pó I AvšÍwiK| †mRb¨B GB g~j¨vqb cÖwµqv| G‡ÿ‡Î 	M1 MCQ 1.mhtml	20	
Avgiv	wcÖq wkÿv_©x, †Zvgvi cÖwZwU K¬v‡mi gv‡bvbœq‡b Avgiv m‡Pó I AvšÍwiK| †mRb¨B GB g~j¨vqb cÖwµqv| G‡ÿ‡Î 	M1 MCQ 1.mhtml	20	
Kwi	wcÖq wkÿv_©x, †Zvgvi cÖwZwU K¬v‡mi gv‡bvbœq‡b Avgiv m‡Pó I AvšÍwiK| †mRb¨B GB g~j¨vqb cÖwµqv| G‡ÿ‡Î 	M1 MCQ 1.mhtml	20	
| 	wcÖq wkÿv_©x, †Zvgvi cÖwZwU K¬v‡mi gv‡bvbœq‡b Avgiv m‡Pó I AvšÍwiK| †mRb¨B GB g~j¨vqb cÖwµqv| G‡ÿ‡Î 	M1 MCQ 1.mhtml	20	
, 	wcÖq wkÿv_©x, †Zvgvi cÖwZwU K¬v‡mi gv‡bvbœq‡b Avgiv m‡Pó I AvšÍwiK| †mRb¨B GB g~j¨vqb cÖwµqv| G‡ÿ‡Î 	M1 MCQ 1.mhtml	20	
 `	wcÖq wkÿv_©x, †Zvgvi cÖwZwU K¬v‡mi gv‡bvbœq‡b Avgiv m‡Pó I AvšÍwiK| †mRb¨B GB g~j¨vqb cÖwµqv| G‡ÿ‡Î 	M1 MCQ 1.mhtml	20	
, 	wcÖq wkÿv_©x, †Zvgvi cÖwZwU K¬v‡mi gv‡bvbœq‡b Avgiv m‡Pó I AvšÍwiK| †mRb¨B GB g~j¨vqb cÖwµqv| G‡ÿ‡Î 	M1 MCQ 1.mhtml	20	
` 	wcÖq wkÿv_©x, †Zvgvi cÖwZwU K¬v‡mi gv‡bvbœq‡b Avgiv m‡Pó I AvšÍwiK| †mRb¨B GB g~j¨vqb cÖwµqv| G‡ÿ‡Î 	M1 MCQ 1.mhtml	20	
welq	wcÖq wkÿv_©x, †Zvgvi cÖwZwU K¬v‡mi gv‡bvbœq‡b Avgiv m‡Pó I AvšÍwiK| †mRb¨B GB g~j¨vqb cÖwµqv| G‡ÿ‡Î 	M1 MCQ 1.mhtml	20	
Zvgvi	wcÖq wkÿv_©x, †Zvgvi cÖwZwU K¬v‡mi gv‡bvbœq‡b Avgiv m‡Pó I AvšÍwiK| †mRb¨B GB g~j¨vqb cÖwµqv| G‡ÿ‡Î 	M1 MCQ 1.mhtml	20	
-	wcÖq wkÿv_©x, †Zvgvi cÖwZwU K¬v‡mi gv‡bvbœq‡b Avgiv m‡Pó I AvšÍwiK| †mRb¨B GB g~j¨vqb cÖwµqv| G‡ÿ‡Î 	M1 MCQ 1.mhtml	20	
gvUvgywU	†gvUvgywU	M1 MCQ 1.mhtml	20	
Lvivc	Lvivc	M1 MCQ 1.mhtml	20	
Kwiwb	K¬vm Kwiwb	M1 MCQ 1.mhtml	20	
I 	(1,3)  I (13,−18)  Gi ms‡hvRK †iLvi mgwÎLÛK we›`y¸‡jvi GKwU n‡jv- 	M1 MCQ 2.mhtml	1	
 Gi 	(1,3)  I (13,−18)  Gi ms‡hvRK †iLvi mgwÎLÛK we›`y¸‡jvi GKwU n‡jv- 	M1 MCQ 2.mhtml	1	
iLvi	(1,3)  I (13,−18)  Gi ms‡hvRK †iLvi mgwÎLÛK we›`y¸‡jvi GKwU n‡jv- 	M1 MCQ 2.mhtml	1	
jvi	(1,3)  I (13,−18)  Gi ms‡hvRK †iLvi mgwÎLÛK we›`y¸‡jvi GKwU n‡jv- 	M1 MCQ 2.mhtml	1	
GKwU	(1,3)  I (13,−18)  Gi ms‡hvRK †iLvi mgwÎLÛK we›`y¸‡jvi GKwU n‡jv- 	M1 MCQ 2.mhtml	1	
n	(1,3)  I (13,−18)  Gi ms‡hvRK †iLvi mgwÎLÛK we›`y¸‡jvi GKwU n‡jv- 	M1 MCQ 2.mhtml	1	
j	(1,3)  I (13,−18)  Gi ms‡hvRK †iLvi mgwÎLÛK we›`y¸‡jvi GKwU n‡jv- 	M1 MCQ 2.mhtml	1	
v	(1,3)  I (13,−18)  Gi ms‡hvRK †iLvi mgwÎLÛK we›`y¸‡jvi GKwU n‡jv- 	M1 MCQ 2.mhtml	1	
- 	(1,3)  I (13,−18)  Gi ms‡hvRK †iLvi mgwÎLÛK we›`y¸‡jvi GKwU n‡jv- 	M1 MCQ 2.mhtml	1	
yi	mgwÎLÐK we›`yi Rb¨, Δx=13−13=+4 	M1 MCQ 2.mhtml	1	
KZ?	∆OAC  Gi †¶Îdj KZ?	M1 MCQ 2.mhtml	2	
eM	332  eM© GKK	M1 MCQ 2.mhtml	2	
GKK	332  eM© GKK	M1 MCQ 2.mhtml	2	
eM	92  eM© GKK	M1 MCQ 2.mhtml	2	
GKK	92  eM© GKK	M1 MCQ 2.mhtml	2	
eM	532  eM© GKK	M1 MCQ 2.mhtml	2	
GKK	532  eM© GKK	M1 MCQ 2.mhtml	2	
eM	932  eM© GKK	M1 MCQ 2.mhtml	2	
GKK	932  eM© GKK	M1 MCQ 2.mhtml	2	
GKK	⇒AC=OC×3=33  GKK	M1 MCQ 2.mhtml	2	
eM	∴∆OAC=12×OC×AC=12×3×33=932  eM© GKK	M1 MCQ 2.mhtml	2	
GKK	∴∆OAC=12×OC×AC=12×3×33=932  eM© GKK	M1 MCQ 2.mhtml	2	
iLvwU	Kv‡Z©mxq ¯’vbv‡¼ cÖKvwkZ x2+y2−3y=0  †iLvwU †cvjvi ¯’vbv‡¼ cÖKvwkZ wb‡Pi †Kvb we›`y w`‡q hvq?	M1 MCQ 2.mhtml	3	
cvjvi	Kv‡Z©mxq ¯’vbv‡¼ cÖKvwkZ x2+y2−3y=0  †iLvwU †cvjvi ¯’vbv‡¼ cÖKvwkZ wb‡Pi †Kvb we›`y w`‡q hvq?	M1 MCQ 2.mhtml	3	
Kvb	Kv‡Z©mxq ¯’vbv‡¼ cÖKvwkZ x2+y2−3y=0  †iLvwU †cvjvi ¯’vbv‡¼ cÖKvwkZ wb‡Pi †Kvb we›`y w`‡q hvq?	M1 MCQ 2.mhtml	3	
hvq	Kv‡Z©mxq ¯’vbv‡¼ cÖKvwkZ x2+y2−3y=0  †iLvwU †cvjvi ¯’vbv‡¼ cÖKvwkZ wb‡Pi †Kvb we›`y w`‡q hvq?	M1 MCQ 2.mhtml	3	
?	Kv‡Z©mxq ¯’vbv‡¼ cÖKvwkZ x2+y2−3y=0  †iLvwU †cvjvi ¯’vbv‡¼ cÖKvwkZ wb‡Pi †Kvb we›`y w`‡q hvq?	M1 MCQ 2.mhtml	3	
ywU	(32,45∘)  we›`ywU mgxKiY‡K wm× K‡i|	M1 MCQ 2.mhtml	3	
wm	(32,45∘)  we›`ywU mgxKiY‡K wm× K‡i|	M1 MCQ 2.mhtml	3	
|	(32,45∘)  we›`ywU mgxKiY‡K wm× K‡i|	M1 MCQ 2.mhtml	3	
Gi 	ΔABC  Gi ∠C=90∘,A(2,4)  Ges C(2,1)  n‡j, B  we›`yi mÂvic_-	M1 MCQ 2.mhtml	4	
 Ges 	ΔABC  Gi ∠C=90∘,A(2,4)  Ges C(2,1)  n‡j, B  we›`yi mÂvic_-	M1 MCQ 2.mhtml	4	
Ges	x=a  Ges 3x−y+1=0  †iLvØ‡qi ga¨eZ©x m~²‡Kv‡Yi gvb-	M1 MCQ 2.mhtml	5	
gvb	x=a  Ges 3x−y+1=0  †iLvØ‡qi ga¨eZ©x m~²‡Kv‡Yi gvb-	M1 MCQ 2.mhtml	5	
-	x=a  Ges 3x−y+1=0  †iLvØ‡qi ga¨eZ©x m~²‡Kv‡Yi gvb-	M1 MCQ 2.mhtml	5	
iLvwU	∴  †iLvwU x -A‡¶i mv‡_ 60o  †KvY Ges y-A¶ ev y-A‡¶i mgvšÍivj †h‡Kv‡bv †iLv x=a  Gi mv‡_ (90o−60o)=30	M1 MCQ 2.mhtml	5	
-	∴  †iLvwU x -A‡¶i mv‡_ 60o  †KvY Ges y-A¶ ev y-A‡¶i mgvšÍivj †h‡Kv‡bv †iLv x=a  Gi mv‡_ (90o−60o)=30	M1 MCQ 2.mhtml	5	
i	∴  †iLvwU x -A‡¶i mv‡_ 60o  †KvY Ges y-A¶ ev y-A‡¶i mgvšÍivj †h‡Kv‡bv †iLv x=a  Gi mv‡_ (90o−60o)=30	M1 MCQ 2.mhtml	5	
KvY	∴  †iLvwU x -A‡¶i mv‡_ 60o  †KvY Ges y-A¶ ev y-A‡¶i mgvšÍivj †h‡Kv‡bv †iLv x=a  Gi mv‡_ (90o−60o)=30	M1 MCQ 2.mhtml	5	
 Ges	∴  †iLvwU x -A‡¶i mv‡_ 60o  †KvY Ges y-A¶ ev y-A‡¶i mgvšÍivj †h‡Kv‡bv †iLv x=a  Gi mv‡_ (90o−60o)=30	M1 MCQ 2.mhtml	5	
 y	∴  †iLvwU x -A‡¶i mv‡_ 60o  †KvY Ges y-A¶ ev y-A‡¶i mgvšÍivj †h‡Kv‡bv †iLv x=a  Gi mv‡_ (90o−60o)=30	M1 MCQ 2.mhtml	5	
ev	∴  †iLvwU x -A‡¶i mv‡_ 60o  †KvY Ges y-A¶ ev y-A‡¶i mgvšÍivj †h‡Kv‡bv †iLv x=a  Gi mv‡_ (90o−60o)=30	M1 MCQ 2.mhtml	5	
 y	∴  †iLvwU x -A‡¶i mv‡_ 60o  †KvY Ges y-A¶ ev y-A‡¶i mgvšÍivj †h‡Kv‡bv †iLv x=a  Gi mv‡_ (90o−60o)=30	M1 MCQ 2.mhtml	5	
i	∴  †iLvwU x -A‡¶i mv‡_ 60o  †KvY Ges y-A¶ ev y-A‡¶i mgvšÍivj †h‡Kv‡bv †iLv x=a  Gi mv‡_ (90o−60o)=30	M1 MCQ 2.mhtml	5	
iLv	∴  †iLvwU x -A‡¶i mv‡_ 60o  †KvY Ges y-A¶ ev y-A‡¶i mgvšÍivj †h‡Kv‡bv †iLv x=a  Gi mv‡_ (90o−60o)=30	M1 MCQ 2.mhtml	5	
KvY	∴  †iLvwU x -A‡¶i mv‡_ 60o  †KvY Ges y-A¶ ev y-A‡¶i mgvšÍivj †h‡Kv‡bv †iLv x=a  Gi mv‡_ (90o−60o)=30	M1 MCQ 2.mhtml	5	
|	∴  †iLvwU x -A‡¶i mv‡_ 60o  †KvY Ges y-A¶ ev y-A‡¶i mgvšÍivj †h‡Kv‡bv †iLv x=a  Gi mv‡_ (90o−60o)=30	M1 MCQ 2.mhtml	5	
Kv	†Kv‡bv wÎfz‡Ri GKwU kxl© g~jwe›`y‡Z Ges Zvi wecixZ evûi ga¨we›`y (3, 3) we›`y‡Z Aew¯’Z| wÎfzRwUi fi‡	M1 MCQ 2.mhtml	6	
b	†Kv‡bv wÎfz‡Ri GKwU kxl© g~jwe›`y‡Z Ges Zvi wecixZ evûi ga¨we›`y (3, 3) we›`y‡Z Aew¯’Z| wÎfzRwUi fi‡	M1 MCQ 2.mhtml	6	
v	†Kv‡bv wÎfz‡Ri GKwU kxl© g~jwe›`y‡Z Ges Zvi wecixZ evûi ga¨we›`y (3, 3) we›`y‡Z Aew¯’Z| wÎfzRwUi fi‡	M1 MCQ 2.mhtml	6	
GKwU	†Kv‡bv wÎfz‡Ri GKwU kxl© g~jwe›`y‡Z Ges Zvi wecixZ evûi ga¨we›`y (3, 3) we›`y‡Z Aew¯’Z| wÎfzRwUi fi‡	M1 MCQ 2.mhtml	6	
kxl	†Kv‡bv wÎfz‡Ri GKwU kxl© g~jwe›`y‡Z Ges Zvi wecixZ evûi ga¨we›`y (3, 3) we›`y‡Z Aew¯’Z| wÎfzRwUi fi‡	M1 MCQ 2.mhtml	6	
g~jwe	†Kv‡bv wÎfz‡Ri GKwU kxl© g~jwe›`y‡Z Ges Zvi wecixZ evûi ga¨we›`y (3, 3) we›`y‡Z Aew¯’Z| wÎfzRwUi fi‡	M1 MCQ 2.mhtml	6	
 Ges Zvi 	†Kv‡bv wÎfz‡Ri GKwU kxl© g~jwe›`y‡Z Ges Zvi wecixZ evûi ga¨we›`y (3, 3) we›`y‡Z Aew¯’Z| wÎfzRwUi fi‡	M1 MCQ 2.mhtml	6	
wecixZ	†Kv‡bv wÎfz‡Ri GKwU kxl© g~jwe›`y‡Z Ges Zvi wecixZ evûi ga¨we›`y (3, 3) we›`y‡Z Aew¯’Z| wÎfzRwUi fi‡	M1 MCQ 2.mhtml	6	
(3, 3)	†Kv‡bv wÎfz‡Ri GKwU kxl© g~jwe›`y‡Z Ges Zvi wecixZ evûi ga¨we›`y (3, 3) we›`y‡Z Aew¯’Z| wÎfzRwUi fi‡	M1 MCQ 2.mhtml	6	
Aew	†Kv‡bv wÎfz‡Ri GKwU kxl© g~jwe›`y‡Z Ges Zvi wecixZ evûi ga¨we›`y (3, 3) we›`y‡Z Aew¯’Z| wÎfzRwUi fi‡	M1 MCQ 2.mhtml	6	
i	†Kv‡bv wÎfz‡Ri GKwU kxl© g~jwe›`y‡Z Ges Zvi wecixZ evûi ga¨we›`y (3, 3) we›`y‡Z Aew¯’Z| wÎfzRwUi fi‡	M1 MCQ 2.mhtml	6	
I	 (0, 0)  I  (3, 3)  we›`yi ms‡hvRK †iLvsk‡K 2:1 Abycv‡Z AšÍwe©f³ K‡i †h we›`y Zvi ¯’vbv¼,  (63,63)=(	M1 MCQ 2.mhtml	6	
yi	 (0, 0)  I  (3, 3)  we›`yi ms‡hvRK †iLvsk‡K 2:1 Abycv‡Z AšÍwe©f³ K‡i †h we›`y Zvi ¯’vbv¼,  (63,63)=(	M1 MCQ 2.mhtml	6	
2:1	 (0, 0)  I  (3, 3)  we›`yi ms‡hvRK †iLvsk‡K 2:1 Abycv‡Z AšÍwe©f³ K‡i †h we›`y Zvi ¯’vbv¼,  (63,63)=(	M1 MCQ 2.mhtml	6	
, 	 (0, 0)  I  (3, 3)  we›`yi ms‡hvRK †iLvsk‡K 2:1 Abycv‡Z AšÍwe©f³ K‡i †h we›`y Zvi ¯’vbv¼,  (63,63)=(	M1 MCQ 2.mhtml	6	
awi	awi, C≡(a,0) 	M1 MCQ 2.mhtml	7	
, 	awi, C≡(a,0) 	M1 MCQ 2.mhtml	7	
 I 	3x+4y=25  I 6x+8y=40  †iLvØ‡qi ga¨eZ©x j¤^`~iZ¡ KZ?	M1 MCQ 2.mhtml	8	
GKK	3  GKK	M1 MCQ 2.mhtml	8	
GKK	1  GKK	M1 MCQ 2.mhtml	8	
GKK	32  GKK	M1 MCQ 2.mhtml	8	
GKK	2  GKK	M1 MCQ 2.mhtml	8	
;	3x+4y=25 ; 	M1 MCQ 2.mhtml	8	
 GKK 	∴d=|25−2032+42|=|55|=1  GKK 	M1 MCQ 2.mhtml	8	
I	   (m−6, 0), (m, 6)  I  (m+2, 5)  GKwU wÎfz‡Ri wZbwU kxl© wb‡`©k K‡i| wÎfzRwUi fi‡K›`ª y-A‡ÿ Aew¯’Z 	M1 MCQ 2.mhtml	9	
GKwU	   (m−6, 0), (m, 6)  I  (m+2, 5)  GKwU wÎfz‡Ri wZbwU kxl© wb‡`©k K‡i| wÎfzRwUi fi‡K›`ª y-A‡ÿ Aew¯’Z 	M1 MCQ 2.mhtml	9	
wZbwU	   (m−6, 0), (m, 6)  I  (m+2, 5)  GKwU wÎfz‡Ri wZbwU kxl© wb‡`©k K‡i| wÎfzRwUi fi‡K›`ª y-A‡ÿ Aew¯’Z 	M1 MCQ 2.mhtml	9	
kxl	   (m−6, 0), (m, 6)  I  (m+2, 5)  GKwU wÎfz‡Ri wZbwU kxl© wb‡`©k K‡i| wÎfzRwUi fi‡K›`ª y-A‡ÿ Aew¯’Z 	M1 MCQ 2.mhtml	9	
wb	   (m−6, 0), (m, 6)  I  (m+2, 5)  GKwU wÎfz‡Ri wZbwU kxl© wb‡`©k K‡i| wÎfzRwUi fi‡K›`ª y-A‡ÿ Aew¯’Z 	M1 MCQ 2.mhtml	9	
| 	   (m−6, 0), (m, 6)  I  (m+2, 5)  GKwU wÎfz‡Ri wZbwU kxl© wb‡`©k K‡i| wÎfzRwUi fi‡K›`ª y-A‡ÿ Aew¯’Z 	M1 MCQ 2.mhtml	9	
y	   (m−6, 0), (m, 6)  I  (m+2, 5)  GKwU wÎfz‡Ri wZbwU kxl© wb‡`©k K‡i| wÎfzRwUi fi‡K›`ª y-A‡ÿ Aew¯’Z 	M1 MCQ 2.mhtml	9	
-	   (m−6, 0), (m, 6)  I  (m+2, 5)  GKwU wÎfz‡Ri wZbwU kxl© wb‡`©k K‡i| wÎfzRwUi fi‡K›`ª y-A‡ÿ Aew¯’Z 	M1 MCQ 2.mhtml	9	
Aew	   (m−6, 0), (m, 6)  I  (m+2, 5)  GKwU wÎfz‡Ri wZbwU kxl© wb‡`©k K‡i| wÎfzRwUi fi‡K›`ª y-A‡ÿ Aew¯’Z 	M1 MCQ 2.mhtml	9	
,	   (m−6, 0), (m, 6)  I  (m+2, 5)  GKwU wÎfz‡Ri wZbwU kxl© wb‡`©k K‡i| wÎfzRwUi fi‡K›`ª y-A‡ÿ Aew¯’Z 	M1 MCQ 2.mhtml	9	
6	6	M1 MCQ 2.mhtml	9	
hv	fi‡K›`ª     (m−6+m+m+23 , 0+6+53)=(3m−43 , 113)  hv y-A‡ÿ Aew¯’Z ⇒3m−43=0∴  m=43 	M1 MCQ 2.mhtml	9	
y	fi‡K›`ª     (m−6+m+m+23 , 0+6+53)=(3m−43 , 113)  hv y-A‡ÿ Aew¯’Z ⇒3m−43=0∴  m=43 	M1 MCQ 2.mhtml	9	
-	fi‡K›`ª     (m−6+m+m+23 , 0+6+53)=(3m−43 , 113)  hv y-A‡ÿ Aew¯’Z ⇒3m−43=0∴  m=43 	M1 MCQ 2.mhtml	9	
Aew	fi‡K›`ª     (m−6+m+m+23 , 0+6+53)=(3m−43 , 113)  hv y-A‡ÿ Aew¯’Z ⇒3m−43=0∴  m=43 	M1 MCQ 2.mhtml	9	
Ges	 (x,4), (5,1)  Ges (−1,−5)  kxl©wewkó wÎfz‡Ri ‡ÿÎdj 12 eM© GKK n‡j, x  Gi gvb †KvbwU nIqv m¤¢e?	M1 MCQ 2.mhtml	10	
12	 (x,4), (5,1)  Ges (−1,−5)  kxl©wewkó wÎfz‡Ri ‡ÿÎdj 12 eM© GKK n‡j, x  Gi gvb †KvbwU nIqv m¤¢e?	M1 MCQ 2.mhtml	10	
eM	 (x,4), (5,1)  Ges (−1,−5)  kxl©wewkó wÎfz‡Ri ‡ÿÎdj 12 eM© GKK n‡j, x  Gi gvb †KvbwU nIqv m¤¢e?	M1 MCQ 2.mhtml	10	
GKK	 (x,4), (5,1)  Ges (−1,−5)  kxl©wewkó wÎfz‡Ri ‡ÿÎdj 12 eM© GKK n‡j, x  Gi gvb †KvbwU nIqv m¤¢e?	M1 MCQ 2.mhtml	10	
,	 (x,4), (5,1)  Ges (−1,−5)  kxl©wewkó wÎfz‡Ri ‡ÿÎdj 12 eM© GKK n‡j, x  Gi gvb †KvbwU nIqv m¤¢e?	M1 MCQ 2.mhtml	10	
[	[we›`y¸‡jv Nwoi KvuUvi w`‡K n‡j †ÿÎdj FYvZ¥K, Avi Nwoi KvuUvi wecix‡Z n‡j abvZ¥K] 	M1 MCQ 2.mhtml	10	
jv	[we›`y¸‡jv Nwoi KvuUvi w`‡K n‡j †ÿÎdj FYvZ¥K, Avi Nwoi KvuUvi wecix‡Z n‡j abvZ¥K] 	M1 MCQ 2.mhtml	10	
Nwoi	[we›`y¸‡jv Nwoi KvuUvi w`‡K n‡j †ÿÎdj FYvZ¥K, Avi Nwoi KvuUvi wecix‡Z n‡j abvZ¥K] 	M1 MCQ 2.mhtml	10	
KvuUvi	[we›`y¸‡jv Nwoi KvuUvi w`‡K n‡j †ÿÎdj FYvZ¥K, Avi Nwoi KvuUvi wecix‡Z n‡j abvZ¥K] 	M1 MCQ 2.mhtml	10	
FYv	[we›`y¸‡jv Nwoi KvuUvi w`‡K n‡j †ÿÎdj FYvZ¥K, Avi Nwoi KvuUvi wecix‡Z n‡j abvZ¥K] 	M1 MCQ 2.mhtml	10	
K	[we›`y¸‡jv Nwoi KvuUvi w`‡K n‡j †ÿÎdj FYvZ¥K, Avi Nwoi KvuUvi wecix‡Z n‡j abvZ¥K] 	M1 MCQ 2.mhtml	10	
, Avi 	[we›`y¸‡jv Nwoi KvuUvi w`‡K n‡j †ÿÎdj FYvZ¥K, Avi Nwoi KvuUvi wecix‡Z n‡j abvZ¥K] 	M1 MCQ 2.mhtml	10	
Nwoi	[we›`y¸‡jv Nwoi KvuUvi w`‡K n‡j †ÿÎdj FYvZ¥K, Avi Nwoi KvuUvi wecix‡Z n‡j abvZ¥K] 	M1 MCQ 2.mhtml	10	
KvuUvi	[we›`y¸‡jv Nwoi KvuUvi w`‡K n‡j †ÿÎdj FYvZ¥K, Avi Nwoi KvuUvi wecix‡Z n‡j abvZ¥K] 	M1 MCQ 2.mhtml	10	
abv	[we›`y¸‡jv Nwoi KvuUvi w`‡K n‡j †ÿÎdj FYvZ¥K, Avi Nwoi KvuUvi wecix‡Z n‡j abvZ¥K] 	M1 MCQ 2.mhtml	10	
K	[we›`y¸‡jv Nwoi KvuUvi w`‡K n‡j †ÿÎdj FYvZ¥K, Avi Nwoi KvuUvi wecix‡Z n‡j abvZ¥K] 	M1 MCQ 2.mhtml	10	
] 	[we›`y¸‡jv Nwoi KvuUvi w`‡K n‡j †ÿÎdj FYvZ¥K, Avi Nwoi KvuUvi wecix‡Z n‡j abvZ¥K] 	M1 MCQ 2.mhtml	10	
Kvb	†Kvb we›`yØq 3x−2y=6  mij‡iLvwUi wecixZ cv‡k Aew¯’Z?	M1 MCQ 2.mhtml	11	
I 	(3,1)  I (2,4) 	M1 MCQ 2.mhtml	11	
I 	(1,2)  I  (2, 4) 	M1 MCQ 2.mhtml	11	
 I 	 (3, 1)  I  (6, 2) 	M1 MCQ 2.mhtml	11	
I 	 (1, 2)  I  (−1, 3) 	M1 MCQ 2.mhtml	11	
I	3x+2y=8  I 2ax−3by=9  `yBwU wfbœ †iLvi mgxKiY n‡j, a I b Gi †mU h_vµ‡g-	M1 MCQ 2.mhtml	12	
`	3x+2y=8  I 2ax−3by=9  `yBwU wfbœ †iLvi mgxKiY n‡j, a I b Gi †mU h_vµ‡g-	M1 MCQ 2.mhtml	12	
yBwU	3x+2y=8  I 2ax−3by=9  `yBwU wfbœ †iLvi mgxKiY n‡j, a I b Gi †mU h_vµ‡g-	M1 MCQ 2.mhtml	12	
iLvi	3x+2y=8  I 2ax−3by=9  `yBwU wfbœ †iLvi mgxKiY n‡j, a I b Gi †mU h_vµ‡g-	M1 MCQ 2.mhtml	12	
mgxKiY	3x+2y=8  I 2ax−3by=9  `yBwU wfbœ †iLvi mgxKiY n‡j, a I b Gi †mU h_vµ‡g-	M1 MCQ 2.mhtml	12	
,	3x+2y=8  I 2ax−3by=9  `yBwU wfbœ †iLvi mgxKiY n‡j, a I b Gi †mU h_vµ‡g-	M1 MCQ 2.mhtml	12	
a	3x+2y=8  I 2ax−3by=9  `yBwU wfbœ †iLvi mgxKiY n‡j, a I b Gi †mU h_vµ‡g-	M1 MCQ 2.mhtml	12	
I	3x+2y=8  I 2ax−3by=9  `yBwU wfbœ †iLvi mgxKiY n‡j, a I b Gi †mU h_vµ‡g-	M1 MCQ 2.mhtml	12	
b	3x+2y=8  I 2ax−3by=9  `yBwU wfbœ †iLvi mgxKiY n‡j, a I b Gi †mU h_vµ‡g-	M1 MCQ 2.mhtml	12	
mU	3x+2y=8  I 2ax−3by=9  `yBwU wfbœ †iLvi mgxKiY n‡j, a I b Gi †mU h_vµ‡g-	M1 MCQ 2.mhtml	12	
h_v	3x+2y=8  I 2ax−3by=9  `yBwU wfbœ †iLvi mgxKiY n‡j, a I b Gi †mU h_vµ‡g-	M1 MCQ 2.mhtml	12	
-	3x+2y=8  I 2ax−3by=9  `yBwU wfbœ †iLvi mgxKiY n‡j, a I b Gi †mU h_vµ‡g-	M1 MCQ 2.mhtml	12	
hw	†iLvØq hw` GKB nq, Z‡e 32a=2−3b=89  n‡e ev, a=2716  I b=−34  n‡e| 	M1 MCQ 2.mhtml	12	
` 	†iLvØq hw` GKB nq, Z‡e 32a=2−3b=89  n‡e ev, a=2716  I b=−34  n‡e| 	M1 MCQ 2.mhtml	12	
GKB	†iLvØq hw` GKB nq, Z‡e 32a=2−3b=89  n‡e ev, a=2716  I b=−34  n‡e| 	M1 MCQ 2.mhtml	12	
 nq, 	†iLvØq hw` GKB nq, Z‡e 32a=2−3b=89  n‡e ev, a=2716  I b=−34  n‡e| 	M1 MCQ 2.mhtml	12	
ev	†iLvØq hw` GKB nq, Z‡e 32a=2−3b=89  n‡e ev, a=2716  I b=−34  n‡e| 	M1 MCQ 2.mhtml	12	
, 	†iLvØq hw` GKB nq, Z‡e 32a=2−3b=89  n‡e ev, a=2716  I b=−34  n‡e| 	M1 MCQ 2.mhtml	12	
I	†iLvØq hw` GKB nq, Z‡e 32a=2−3b=89  n‡e ev, a=2716  I b=−34  n‡e| 	M1 MCQ 2.mhtml	12	
| 	†iLvØq hw` GKB nq, Z‡e 32a=2−3b=89  n‡e ev, a=2716  I b=−34  n‡e| 	M1 MCQ 2.mhtml	12	
I	†h‡nZz †iLvØq wfbœ, †m‡nZz a≠2716  I   b ≠ −34  n‡Z n‡e 	M1 MCQ 2.mhtml	12	
Ges	 x+y−1=0, x−y=0  Ges y=0  †iLvÎq Øviv MwVZ wÎfz‡Ri †KvY wZbwU n‡e-	M1 MCQ 2.mhtml	13	
wZbwU	∴  wÎfz‡Ri wZbwU †KvY h_vµ‡g 45∘,45∘  Ges 90∘ 	M1 MCQ 2.mhtml	13	
KvY	∴  wÎfz‡Ri wZbwU †KvY h_vµ‡g 45∘,45∘  Ges 90∘ 	M1 MCQ 2.mhtml	13	
h_v	∴  wÎfz‡Ri wZbwU †KvY h_vµ‡g 45∘,45∘  Ges 90∘ 	M1 MCQ 2.mhtml	13	
 Ges 	∴  wÎfz‡Ri wZbwU †KvY h_vµ‡g 45∘,45∘  Ges 90∘ 	M1 MCQ 2.mhtml	13	
Gi 	 ∆ ABC   Gi      D (3,2) , E(5,9), F (11,3)  h_vµ‡g BC,AC  I AB  Gi ga¨we›`y n‡j, A  Gi ¯’vbv¼ †Kvbw	M1 MCQ 2.mhtml	15	
 I 	 ∆ ABC   Gi      D (3,2) , E(5,9), F (11,3)  h_vµ‡g BC,AC  I AB  Gi ga¨we›`y n‡j, A  Gi ¯’vbv¼ †Kvbw	M1 MCQ 2.mhtml	15	
GKwU	AFDE  GKwU mvgvšÍwiK e‡j,	M1 MCQ 2.mhtml	15	
,	AFDE  GKwU mvgvšÍwiK e‡j,	M1 MCQ 2.mhtml	15	
 I 	6x+8y=5  I 3x+4y=3  †iLvØ‡qi ga¨eZ©x ¯’‚j‡Kv‡Yi mgwØLÛ‡Ki mgxKiY †KvbwU?	M1 MCQ 2.mhtml	16	
KvbwUB	†KvbwUB bq	M1 MCQ 2.mhtml	16	
bq	†KvbwUB bq	M1 MCQ 2.mhtml	16	
 Ges 	63=84=2,  †iLvØq mgvšÍivj Ges ga¨eZx© †Kv‡bv ¯’‚j‡KvY †bB| 	M1 MCQ 2.mhtml	16	
bB	63=84=2,  †iLvØq mgvšÍivj Ges ga¨eZx© †Kv‡bv ¯’‚j‡KvY †bB| 	M1 MCQ 2.mhtml	16	
|	63=84=2,  †iLvØq mgvšÍivj Ges ga¨eZx© †Kv‡bv ¯’‚j‡KvY †bB| 	M1 MCQ 2.mhtml	16	
wb	  x+ysin α=4tan α  mij‡iLvwU y -A‡ÿi mgxKiY wb‡`©k Ki‡e, hLb α=? 	M1 MCQ 2.mhtml	18	
, 	  x+ysin α=4tan α  mij‡iLvwU y -A‡ÿi mgxKiY wb‡`©k Ki‡e, hLb α=? 	M1 MCQ 2.mhtml	18	
hLb	  x+ysin α=4tan α  mij‡iLvwU y -A‡ÿi mgxKiY wb‡`©k Ki‡e, hLb α=? 	M1 MCQ 2.mhtml	18	
bq	m¤¢e bq	M1 MCQ 2.mhtml	18	
, 	GLv‡b,  tan α=0  n‡j, x=0  n‡e| hv y -A‡ÿi mgxKiY wb‡`©k K‡i|	M1 MCQ 2.mhtml	18	
, 	GLv‡b,  tan α=0  n‡j, x=0  n‡e| hv y -A‡ÿi mgxKiY wb‡`©k K‡i|	M1 MCQ 2.mhtml	18	
yMvgx	B(−1,3)  we›`yMvgx Ges x+3y+7=0  Gi Dci j¤^ †iLvi g~jwe›`y †_‡K j¤^ `~iZ¡ KZ?	M1 MCQ 2.mhtml	19	
 Ges 	B(−1,3)  we›`yMvgx Ges x+3y+7=0  Gi Dci j¤^ †iLvi g~jwe›`y †_‡K j¤^ `~iZ¡ KZ?	M1 MCQ 2.mhtml	19	
Gi 	B(−1,3)  we›`yMvgx Ges x+3y+7=0  Gi Dci j¤^ †iLvi g~jwe›`y †_‡K j¤^ `~iZ¡ KZ?	M1 MCQ 2.mhtml	19	
Dci	B(−1,3)  we›`yMvgx Ges x+3y+7=0  Gi Dci j¤^ †iLvi g~jwe›`y †_‡K j¤^ `~iZ¡ KZ?	M1 MCQ 2.mhtml	19	
iLvi	B(−1,3)  we›`yMvgx Ges x+3y+7=0  Gi Dci j¤^ †iLvi g~jwe›`y †_‡K j¤^ `~iZ¡ KZ?	M1 MCQ 2.mhtml	19	
g~jwe	B(−1,3)  we›`yMvgx Ges x+3y+7=0  Gi Dci j¤^ †iLvi g~jwe›`y †_‡K j¤^ `~iZ¡ KZ?	M1 MCQ 2.mhtml	19	
iZ	B(−1,3)  we›`yMvgx Ges x+3y+7=0  Gi Dci j¤^ †iLvi g~jwe›`y †_‡K j¤^ `~iZ¡ KZ?	M1 MCQ 2.mhtml	19	
GKK	610   GKK	M1 MCQ 2.mhtml	19	
GKK	610  GKK	M1 MCQ 2.mhtml	19	
GKK	3510  GKK	M1 MCQ 2.mhtml	19	
GKK	6105  GKK	M1 MCQ 2.mhtml	19	
iLvi	j¤^ †iLvi mgxKiY ⇒3x−y=−6 	M1 MCQ 2.mhtml	19	
mgxKiY	j¤^ †iLvi mgxKiY ⇒3x−y=−6 	M1 MCQ 2.mhtml	19	
GKK	∴h=|−6|32+1=610  GKK	M1 MCQ 2.mhtml	19	
Zvgvi	wcÖq wkÿv_©x, †Zvgvi cÖwZwU K¬v‡mi gv‡bvbœq‡b Avgiv m‡Pó I AvšÍwiK| †mRb¨B GB g~j¨vqb cÖwµqv| G‡ÿ‡Î 	M1 MCQ 2.mhtml	20	
Avgiv	wcÖq wkÿv_©x, †Zvgvi cÖwZwU K¬v‡mi gv‡bvbœq‡b Avgiv m‡Pó I AvšÍwiK| †mRb¨B GB g~j¨vqb cÖwµqv| G‡ÿ‡Î 	M1 MCQ 2.mhtml	20	
 I 	wcÖq wkÿv_©x, †Zvgvi cÖwZwU K¬v‡mi gv‡bvbœq‡b Avgiv m‡Pó I AvšÍwiK| †mRb¨B GB g~j¨vqb cÖwµqv| G‡ÿ‡Î 	M1 MCQ 2.mhtml	20	
| 	wcÖq wkÿv_©x, †Zvgvi cÖwZwU K¬v‡mi gv‡bvbœq‡b Avgiv m‡Pó I AvšÍwiK| †mRb¨B GB g~j¨vqb cÖwµqv| G‡ÿ‡Î 	M1 MCQ 2.mhtml	20	
 GB 	wcÖq wkÿv_©x, †Zvgvi cÖwZwU K¬v‡mi gv‡bvbœq‡b Avgiv m‡Pó I AvšÍwiK| †mRb¨B GB g~j¨vqb cÖwµqv| G‡ÿ‡Î 	M1 MCQ 2.mhtml	20	
| 	wcÖq wkÿv_©x, †Zvgvi cÖwZwU K¬v‡mi gv‡bvbœq‡b Avgiv m‡Pó I AvšÍwiK| †mRb¨B GB g~j¨vqb cÖwµqv| G‡ÿ‡Î 	M1 MCQ 2.mhtml	20	
Zvgvi	wcÖq wkÿv_©x, †Zvgvi cÖwZwU K¬v‡mi gv‡bvbœq‡b Avgiv m‡Pó I AvšÍwiK| †mRb¨B GB g~j¨vqb cÖwµqv| G‡ÿ‡Î 	M1 MCQ 2.mhtml	20	
`	wcÖq wkÿv_©x, †Zvgvi cÖwZwU K¬v‡mi gv‡bvbœq‡b Avgiv m‡Pó I AvšÍwiK| †mRb¨B GB g~j¨vqb cÖwµqv| G‡ÿ‡Î 	M1 MCQ 2.mhtml	20	
Avgiv	wcÖq wkÿv_©x, †Zvgvi cÖwZwU K¬v‡mi gv‡bvbœq‡b Avgiv m‡Pó I AvšÍwiK| †mRb¨B GB g~j¨vqb cÖwµqv| G‡ÿ‡Î 	M1 MCQ 2.mhtml	20	
Kwi	wcÖq wkÿv_©x, †Zvgvi cÖwZwU K¬v‡mi gv‡bvbœq‡b Avgiv m‡Pó I AvšÍwiK| †mRb¨B GB g~j¨vqb cÖwµqv| G‡ÿ‡Î 	M1 MCQ 2.mhtml	20	
| 	wcÖq wkÿv_©x, †Zvgvi cÖwZwU K¬v‡mi gv‡bvbœq‡b Avgiv m‡Pó I AvšÍwiK| †mRb¨B GB g~j¨vqb cÖwµqv| G‡ÿ‡Î 	M1 MCQ 2.mhtml	20	
, 	wcÖq wkÿv_©x, †Zvgvi cÖwZwU K¬v‡mi gv‡bvbœq‡b Avgiv m‡Pó I AvšÍwiK| †mRb¨B GB g~j¨vqb cÖwµqv| G‡ÿ‡Î 	M1 MCQ 2.mhtml	20	
 `	wcÖq wkÿv_©x, †Zvgvi cÖwZwU K¬v‡mi gv‡bvbœq‡b Avgiv m‡Pó I AvšÍwiK| †mRb¨B GB g~j¨vqb cÖwµqv| G‡ÿ‡Î 	M1 MCQ 2.mhtml	20	
, 	wcÖq wkÿv_©x, †Zvgvi cÖwZwU K¬v‡mi gv‡bvbœq‡b Avgiv m‡Pó I AvšÍwiK| †mRb¨B GB g~j¨vqb cÖwµqv| G‡ÿ‡Î 	M1 MCQ 2.mhtml	20	
` 	wcÖq wkÿv_©x, †Zvgvi cÖwZwU K¬v‡mi gv‡bvbœq‡b Avgiv m‡Pó I AvšÍwiK| †mRb¨B GB g~j¨vqb cÖwµqv| G‡ÿ‡Î 	M1 MCQ 2.mhtml	20	
welq	wcÖq wkÿv_©x, †Zvgvi cÖwZwU K¬v‡mi gv‡bvbœq‡b Avgiv m‡Pó I AvšÍwiK| †mRb¨B GB g~j¨vqb cÖwµqv| G‡ÿ‡Î 	M1 MCQ 2.mhtml	20	
Zvgvi	wcÖq wkÿv_©x, †Zvgvi cÖwZwU K¬v‡mi gv‡bvbœq‡b Avgiv m‡Pó I AvšÍwiK| †mRb¨B GB g~j¨vqb cÖwµqv| G‡ÿ‡Î 	M1 MCQ 2.mhtml	20	
-	wcÖq wkÿv_©x, †Zvgvi cÖwZwU K¬v‡mi gv‡bvbœq‡b Avgiv m‡Pó I AvšÍwiK| †mRb¨B GB g~j¨vqb cÖwµqv| G‡ÿ‡Î 	M1 MCQ 2.mhtml	20	
gvUvgywU	†gvUvgywU	M1 MCQ 2.mhtml	20	
Lvivc	Lvivc	M1 MCQ 2.mhtml	20	
Kwiwb	K¬vm Kwiwb	M1 MCQ 2.mhtml	20	
e	ABCD  e‡M©i GKwU kxl© A(−1,2)  Ges GKwU K‡Y©i mgxKiY 3x−y+7=0  n‡j, B  I D  we›`yi ¯’vbv¼ wbY©q Ki|	M1 written 1.mhtml	1	
M	ABCD  e‡M©i GKwU kxl© A(−1,2)  Ges GKwU K‡Y©i mgxKiY 3x−y+7=0  n‡j, B  I D  we›`yi ¯’vbv¼ wbY©q Ki|	M1 written 1.mhtml	1	
i	ABCD  e‡M©i GKwU kxl© A(−1,2)  Ges GKwU K‡Y©i mgxKiY 3x−y+7=0  n‡j, B  I D  we›`yi ¯’vbv¼ wbY©q Ki|	M1 written 1.mhtml	1	
GKwU	ABCD  e‡M©i GKwU kxl© A(−1,2)  Ges GKwU K‡Y©i mgxKiY 3x−y+7=0  n‡j, B  I D  we›`yi ¯’vbv¼ wbY©q Ki|	M1 written 1.mhtml	1	
kxl	ABCD  e‡M©i GKwU kxl© A(−1,2)  Ges GKwU K‡Y©i mgxKiY 3x−y+7=0  n‡j, B  I D  we›`yi ¯’vbv¼ wbY©q Ki|	M1 written 1.mhtml	1	
 Ges GKwU K	ABCD  e‡M©i GKwU kxl© A(−1,2)  Ges GKwU K‡Y©i mgxKiY 3x−y+7=0  n‡j, B  I D  we›`yi ¯’vbv¼ wbY©q Ki|	M1 written 1.mhtml	1	
Y	ABCD  e‡M©i GKwU kxl© A(−1,2)  Ges GKwU K‡Y©i mgxKiY 3x−y+7=0  n‡j, B  I D  we›`yi ¯’vbv¼ wbY©q Ki|	M1 written 1.mhtml	1	
i	ABCD  e‡M©i GKwU kxl© A(−1,2)  Ges GKwU K‡Y©i mgxKiY 3x−y+7=0  n‡j, B  I D  we›`yi ¯’vbv¼ wbY©q Ki|	M1 written 1.mhtml	1	
mgxKiY	ABCD  e‡M©i GKwU kxl© A(−1,2)  Ges GKwU K‡Y©i mgxKiY 3x−y+7=0  n‡j, B  I D  we›`yi ¯’vbv¼ wbY©q Ki|	M1 written 1.mhtml	1	
 I 	ABCD  e‡M©i GKwU kxl© A(−1,2)  Ges GKwU K‡Y©i mgxKiY 3x−y+7=0  n‡j, B  I D  we›`yi ¯’vbv¼ wbY©q Ki|	M1 written 1.mhtml	1	
 we	ABCD  e‡M©i GKwU kxl© A(−1,2)  Ges GKwU K‡Y©i mgxKiY 3x−y+7=0  n‡j, B  I D  we›`yi ¯’vbv¼ wbY©q Ki|	M1 written 1.mhtml	1	
`	ABCD  e‡M©i GKwU kxl© A(−1,2)  Ges GKwU K‡Y©i mgxKiY 3x−y+7=0  n‡j, B  I D  we›`yi ¯’vbv¼ wbY©q Ki|	M1 written 1.mhtml	1	
yi	ABCD  e‡M©i GKwU kxl© A(−1,2)  Ges GKwU K‡Y©i mgxKiY 3x−y+7=0  n‡j, B  I D  we›`yi ¯’vbv¼ wbY©q Ki|	M1 written 1.mhtml	1	
vbv	ABCD  e‡M©i GKwU kxl© A(−1,2)  Ges GKwU K‡Y©i mgxKiY 3x−y+7=0  n‡j, B  I D  we›`yi ¯’vbv¼ wbY©q Ki|	M1 written 1.mhtml	1	
wbY	ABCD  e‡M©i GKwU kxl© A(−1,2)  Ges GKwU K‡Y©i mgxKiY 3x−y+7=0  n‡j, B  I D  we›`yi ¯’vbv¼ wbY©q Ki|	M1 written 1.mhtml	1	
q	ABCD  e‡M©i GKwU kxl© A(−1,2)  Ges GKwU K‡Y©i mgxKiY 3x−y+7=0  n‡j, B  I D  we›`yi ¯’vbv¼ wbY©q Ki|	M1 written 1.mhtml	1	
 Ki|	ABCD  e‡M©i GKwU kxl© A(−1,2)  Ges GKwU K‡Y©i mgxKiY 3x−y+7=0  n‡j, B  I D  we›`yi ¯’vbv¼ wbY©q Ki|	M1 written 1.mhtml	1	
, 	†h‡nZz, 3×(−1)−2+7=2≠0 , ZvB GwU BD  KY©| AD  I AB  †iLv BD  Gi mv‡_ 45∘  †KvY ˆZwi K‡i| G‡`i Xvj m 	M1 written 1.mhtml	1	
, ZvB GwU 	†h‡nZz, 3×(−1)−2+7=2≠0 , ZvB GwU BD  KY©| AD  I AB  †iLv BD  Gi mv‡_ 45∘  †KvY ˆZwi K‡i| G‡`i Xvj m 	M1 written 1.mhtml	1	
 I 	†h‡nZz, 3×(−1)−2+7=2≠0 , ZvB GwU BD  KY©| AD  I AB  †iLv BD  Gi mv‡_ 45∘  †KvY ˆZwi K‡i| G‡`i Xvj m 	M1 written 1.mhtml	1	
, 	∴m=12 , −2  	M1 written 1.mhtml	1	
 Gi mgxKiY: 	∴AB  Gi mgxKiY: y−2=−2(x+1) 	M1 written 1.mhtml	1	
 Gi mgxKiY: 	AD  Gi mgxKiY: y−2=12(x+1) 	M1 written 1.mhtml	1	
 I 	∴B(−75,145)  I D(−95,85)  [(i)  I (ii)  Ges (i)  I (iii)  K¨vjKz‡jU‡i mgvavb K‡i]  	M1 written 1.mhtml	1	
 I 	∴B(−75,145)  I D(−95,85)  [(i)  I (ii)  Ges (i)  I (iii)  K¨vjKz‡jU‡i mgvavb K‡i]  	M1 written 1.mhtml	1	
 Ges 	∴B(−75,145)  I D(−95,85)  [(i)  I (ii)  Ges (i)  I (iii)  K¨vjKz‡jU‡i mgvavb K‡i]  	M1 written 1.mhtml	1	
 I 	∴B(−75,145)  I D(−95,85)  [(i)  I (ii)  Ges (i)  I (iii)  K¨vjKz‡jU‡i mgvavb K‡i]  	M1 written 1.mhtml	1	
A_ev	A_ev,	M1 written 1.mhtml	1	
,	A_ev,	M1 written 1.mhtml	1	
 Gi mgxKiY:	AB  Gi mgxKiY: y−2=12(x+1)⇒x−2y  =−5⋯(iv) 	M1 written 1.mhtml	1	
 Gi mgxKiY:	AD  Gi mgxKiY: y−2=−2(x+1)⇒2x+y  =0⋯(v) 	M1 written 1.mhtml	1	
 I 	∴B(−95,85)  I D(−75,145)  [(i)  I (iv)  Ges (i)  I (v)  K¨vjKz‡jU‡i mgvavb K‡i]  	M1 written 1.mhtml	1	
 I 	∴B(−95,85)  I D(−75,145)  [(i)  I (iv)  Ges (i)  I (v)  K¨vjKz‡jU‡i mgvavb K‡i]  	M1 written 1.mhtml	1	
 Ges 	∴B(−95,85)  I D(−75,145)  [(i)  I (iv)  Ges (i)  I (v)  K¨vjKz‡jU‡i mgvavb K‡i]  	M1 written 1.mhtml	1	
 I 	∴B(−95,85)  I D(−75,145)  [(i)  I (iv)  Ges (i)  I (v)  K¨vjKz‡jU‡i mgvavb K‡i]  	M1 written 1.mhtml	1	
i	b¤^i eÈbt 	M1 written 1.mhtml	1	
, 	m=12 , −2 ; wbY©q Kivi Rb¨ ( 01   ×  2)=  02 b¤^i| 	M1 written 1.mhtml	1	
;	m=12 , −2 ; wbY©q Kivi Rb¨ ( 01   ×  2)=  02 b¤^i| 	M1 written 1.mhtml	1	
01	m=12 , −2 ; wbY©q Kivi Rb¨ ( 01   ×  2)=  02 b¤^i| 	M1 written 1.mhtml	1	
2	m=12 , −2 ; wbY©q Kivi Rb¨ ( 01   ×  2)=  02 b¤^i| 	M1 written 1.mhtml	1	
 02	m=12 , −2 ; wbY©q Kivi Rb¨ ( 01   ×  2)=  02 b¤^i| 	M1 written 1.mhtml	1	
i	m=12 , −2 ; wbY©q Kivi Rb¨ ( 01   ×  2)=  02 b¤^i| 	M1 written 1.mhtml	1	
| 	m=12 , −2 ; wbY©q Kivi Rb¨ ( 01   ×  2)=  02 b¤^i| 	M1 written 1.mhtml	1	
;	2x+y  =0 ; wbY©q Kivi Rb¨ 02 b¤^i| 	M1 written 1.mhtml	1	
i	2x+y  =0 ; wbY©q Kivi Rb¨ 02 b¤^i| 	M1 written 1.mhtml	1	
| 	2x+y  =0 ; wbY©q Kivi Rb¨ 02 b¤^i| 	M1 written 1.mhtml	1	
;	x−2y  =−5 ; wbY©q Kivi Rb¨ 02 b¤^i| 	M1 written 1.mhtml	1	
i	x−2y  =−5 ; wbY©q Kivi Rb¨ 02 b¤^i| 	M1 written 1.mhtml	1	
| 	x−2y  =−5 ; wbY©q Kivi Rb¨ 02 b¤^i| 	M1 written 1.mhtml	1	
ev	B(−75,145)  ev, B(−95,85) ; wbY©q Kivi Rb¨ 02 b¤^i| 	M1 written 1.mhtml	1	
,	B(−75,145)  ev, B(−95,85) ; wbY©q Kivi Rb¨ 02 b¤^i| 	M1 written 1.mhtml	1	
;	B(−75,145)  ev, B(−95,85) ; wbY©q Kivi Rb¨ 02 b¤^i| 	M1 written 1.mhtml	1	
i	B(−75,145)  ev, B(−95,85) ; wbY©q Kivi Rb¨ 02 b¤^i| 	M1 written 1.mhtml	1	
| 	B(−75,145)  ev, B(−95,85) ; wbY©q Kivi Rb¨ 02 b¤^i| 	M1 written 1.mhtml	1	
ev	D(−95,85)  ev, D(−75,145) ; wbY©q Kivi Rb¨ 02 b¤^i|	M1 written 1.mhtml	1	
,	D(−95,85)  ev, D(−75,145) ; wbY©q Kivi Rb¨ 02 b¤^i|	M1 written 1.mhtml	1	
;	D(−95,85)  ev, D(−75,145) ; wbY©q Kivi Rb¨ 02 b¤^i|	M1 written 1.mhtml	1	
i	D(−95,85)  ev, D(−75,145) ; wbY©q Kivi Rb¨ 02 b¤^i|	M1 written 1.mhtml	1	
|	D(−95,85)  ev, D(−75,145) ; wbY©q Kivi Rb¨ 02 b¤^i|	M1 written 1.mhtml	1	
 Ges 	 3x−y−1=0, x+y−3=0  Ges x−7y−27=0  †iLvÎq Øviv MwVZ wÎfz‡Ri j¤^we›`yi ¯’vbv¼ wbY©q Ki|	M1 WRITTEN 2.mhtml	1	
myZivs	myZivs,  (iv), (v)⇒O(32,−32)  (Ans.)	M1 WRITTEN 2.mhtml	1	
, 	myZivs,  (iv), (v)⇒O(32,−32)  (Ans.)	M1 WRITTEN 2.mhtml	1	
(Ans.)	myZivs,  (iv), (v)⇒O(32,−32)  (Ans.)	M1 WRITTEN 2.mhtml	1	
;	(1,2),(−1,−4),(6,−3) ; wbY©q Kivi Rb¨ ( 01  ×  3)=  03 b¤^i| 	M1 WRITTEN 2.mhtml	1	
01	(1,2),(−1,−4),(6,−3) ; wbY©q Kivi Rb¨ ( 01  ×  3)=  03 b¤^i| 	M1 WRITTEN 2.mhtml	1	
 3	(1,2),(−1,−4),(6,−3) ; wbY©q Kivi Rb¨ ( 01  ×  3)=  03 b¤^i| 	M1 WRITTEN 2.mhtml	1	
 03	(1,2),(−1,−4),(6,−3) ; wbY©q Kivi Rb¨ ( 01  ×  3)=  03 b¤^i| 	M1 WRITTEN 2.mhtml	1	
;	    7x+y=9 , x−y=3 , x+3y=−3 ; ‡h‡Kvb `yBwU mgxKiY wbY©q Kivi Rb¨ ( 02  ×  2)=  04 b¤^i|  	M1 WRITTEN 2.mhtml	1	
02	    7x+y=9 , x−y=3 , x+3y=−3 ; ‡h‡Kvb `yBwU mgxKiY wbY©q Kivi Rb¨ ( 02  ×  2)=  04 b¤^i|  	M1 WRITTEN 2.mhtml	1	
 2	    7x+y=9 , x−y=3 , x+3y=−3 ; ‡h‡Kvb `yBwU mgxKiY wbY©q Kivi Rb¨ ( 02  ×  2)=  04 b¤^i|  	M1 WRITTEN 2.mhtml	1	
;	j¤^we›`yi ¯’vbv¼: (32,−32) ; wbY©q Kivi Rb¨ 03 b¤^i| 	M1 WRITTEN 2.mhtml	1	
3	j¤^we›`yi ¯’vbv¼: (32,−32) ; wbY©q Kivi Rb¨ 03 b¤^i| 	M1 WRITTEN 2.mhtml	1	
ABCD 	ABCD e‡M©i A I B Gi ¯’vbv¼ h_vµ‡g (0, 0) I (5, 8) n‡j, D Gi ¯’vbv¼ wbY©q Ki|	M1 WRITTEN 3.mhtml	1	
A 	ABCD e‡M©i A I B Gi ¯’vbv¼ h_vµ‡g (0, 0) I (5, 8) n‡j, D Gi ¯’vbv¼ wbY©q Ki|	M1 WRITTEN 3.mhtml	1	
I	ABCD e‡M©i A I B Gi ¯’vbv¼ h_vµ‡g (0, 0) I (5, 8) n‡j, D Gi ¯’vbv¼ wbY©q Ki|	M1 WRITTEN 3.mhtml	1	
 B 	ABCD e‡M©i A I B Gi ¯’vbv¼ h_vµ‡g (0, 0) I (5, 8) n‡j, D Gi ¯’vbv¼ wbY©q Ki|	M1 WRITTEN 3.mhtml	1	
(0, 0) 	ABCD e‡M©i A I B Gi ¯’vbv¼ h_vµ‡g (0, 0) I (5, 8) n‡j, D Gi ¯’vbv¼ wbY©q Ki|	M1 WRITTEN 3.mhtml	1	
I	ABCD e‡M©i A I B Gi ¯’vbv¼ h_vµ‡g (0, 0) I (5, 8) n‡j, D Gi ¯’vbv¼ wbY©q Ki|	M1 WRITTEN 3.mhtml	1	
 (5, 8) 	ABCD e‡M©i A I B Gi ¯’vbv¼ h_vµ‡g (0, 0) I (5, 8) n‡j, D Gi ¯’vbv¼ wbY©q Ki|	M1 WRITTEN 3.mhtml	1	
D	ABCD e‡M©i A I B Gi ¯’vbv¼ h_vµ‡g (0, 0) I (5, 8) n‡j, D Gi ¯’vbv¼ wbY©q Ki|	M1 WRITTEN 3.mhtml	1	
iLvi Xvj,	AB  †iLvi Xvj, 	M1 WRITTEN 3.mhtml	1	
iLvi Xvj	AB  Gi j¤^ †iLvi Xvj −58 	M1 WRITTEN 3.mhtml	1	
GUv	GUv‡K `yB fv‡e †jLv hvq,  	M1 WRITTEN 3.mhtml	1	
K `yB fv	GUv‡K `yB fv‡e †jLv hvq,  	M1 WRITTEN 3.mhtml	1	
e 	GUv‡K `yB fv‡e †jLv hvq,  	M1 WRITTEN 3.mhtml	1	
jLv hvq,	GUv‡K `yB fv‡e †jLv hvq,  	M1 WRITTEN 3.mhtml	1	
Ges	 Ges 	M1 WRITTEN 3.mhtml	1	
g	g‡b Kwi, BC  I AD  †iLvi Rb¨ x  Gi cwieZ©b +8  Ges y  Gi cwieZ©b −5  Ges BC′  I AD′  †iLvi Rb¨ x  Gi	M1 WRITTEN 3.mhtml	1	
b Kwi,	g‡b Kwi, BC  I AD  †iLvi Rb¨ x  Gi cwieZ©b +8  Ges y  Gi cwieZ©b −5  Ges BC′  I AD′  †iLvi Rb¨ x  Gi	M1 WRITTEN 3.mhtml	1	
I	g‡b Kwi, BC  I AD  †iLvi Rb¨ x  Gi cwieZ©b +8  Ges y  Gi cwieZ©b −5  Ges BC′  I AD′  †iLvi Rb¨ x  Gi	M1 WRITTEN 3.mhtml	1	
Ges	g‡b Kwi, BC  I AD  †iLvi Rb¨ x  Gi cwieZ©b +8  Ges y  Gi cwieZ©b −5  Ges BC′  I AD′  †iLvi Rb¨ x  Gi	M1 WRITTEN 3.mhtml	1	
Ges	g‡b Kwi, BC  I AD  †iLvi Rb¨ x  Gi cwieZ©b +8  Ges y  Gi cwieZ©b −5  Ges BC′  I AD′  †iLvi Rb¨ x  Gi	M1 WRITTEN 3.mhtml	1	
I	g‡b Kwi, BC  I AD  †iLvi Rb¨ x  Gi cwieZ©b +8  Ges y  Gi cwieZ©b −5  Ges BC′  I AD′  †iLvi Rb¨ x  Gi	M1 WRITTEN 3.mhtml	1	
Ges	g‡b Kwi, BC  I AD  †iLvi Rb¨ x  Gi cwieZ©b +8  Ges y  Gi cwieZ©b −5  Ges BC′  I AD′  †iLvi Rb¨ x  Gi	M1 WRITTEN 3.mhtml	1	
; 	g‡b Kwi, BC  I AD  †iLvi Rb¨ x  Gi cwieZ©b +8  Ges y  Gi cwieZ©b −5  Ges BC′  I AD′  †iLvi Rb¨ x  Gi	M1 WRITTEN 3.mhtml	1	
Zvn	g‡b Kwi, BC  I AD  †iLvi Rb¨ x  Gi cwieZ©b +8  Ges y  Gi cwieZ©b −5  Ges BC′  I AD′  †iLvi Rb¨ x  Gi	M1 WRITTEN 3.mhtml	1	
j, c~	g‡b Kwi, BC  I AD  †iLvi Rb¨ x  Gi cwieZ©b +8  Ges y  Gi cwieZ©b −5  Ges BC′  I AD′  †iLvi Rb¨ x  Gi	M1 WRITTEN 3.mhtml	1	
 (	g‡b Kwi, BC  I AD  †iLvi Rb¨ x  Gi cwieZ©b +8  Ges y  Gi cwieZ©b −5  Ges BC′  I AD′  †iLvi Rb¨ x  Gi	M1 WRITTEN 3.mhtml	1	
Note)	g‡b Kwi, BC  I AD  †iLvi Rb¨ x  Gi cwieZ©b +8  Ges y  Gi cwieZ©b −5  Ges BC′  I AD′  †iLvi Rb¨ x  Gi	M1 WRITTEN 3.mhtml	1	
iv| 	g‡b Kwi, BC  I AD  †iLvi Rb¨ x  Gi cwieZ©b +8  Ges y  Gi cwieZ©b −5  Ges BC′  I AD′  †iLvi Rb¨ x  Gi	M1 WRITTEN 3.mhtml	1	
`L	g‡b Kwi, BC  I AD  †iLvi Rb¨ x  Gi cwieZ©b +8  Ges y  Gi cwieZ©b −5  Ges BC′  I AD′  †iLvi Rb¨ x  Gi	M1 WRITTEN 3.mhtml	1	
e	g‡b Kwi, BC  I AD  †iLvi Rb¨ x  Gi cwieZ©b +8  Ges y  Gi cwieZ©b −5  Ges BC′  I AD′  †iLvi Rb¨ x  Gi	M1 WRITTEN 3.mhtml	1	
 (	g‡b Kwi, BC  I AD  †iLvi Rb¨ x  Gi cwieZ©b +8  Ges y  Gi cwieZ©b −5  Ges BC′  I AD′  †iLvi Rb¨ x  Gi	M1 WRITTEN 3.mhtml	1	
ev	g‡b Kwi, BC  I AD  †iLvi Rb¨ x  Gi cwieZ©b +8  Ges y  Gi cwieZ©b −5  Ges BC′  I AD′  †iLvi Rb¨ x  Gi	M1 WRITTEN 3.mhtml	1	
) 	g‡b Kwi, BC  I AD  †iLvi Rb¨ x  Gi cwieZ©b +8  Ges y  Gi cwieZ©b −5  Ges BC′  I AD′  †iLvi Rb¨ x  Gi	M1 WRITTEN 3.mhtml	1	
we	g‡b Kwi, BC  I AD  †iLvi Rb¨ x  Gi cwieZ©b +8  Ges y  Gi cwieZ©b −5  Ges BC′  I AD′  †iLvi Rb¨ x  Gi	M1 WRITTEN 3.mhtml	1	
ev	g‡b Kwi, BC  I AD  †iLvi Rb¨ x  Gi cwieZ©b +8  Ges y  Gi cwieZ©b −5  Ges BC′  I AD′  †iLvi Rb¨ x  Gi	M1 WRITTEN 3.mhtml	1	
Ges	g‡b Kwi, BC  I AD  †iLvi Rb¨ x  Gi cwieZ©b +8  Ges y  Gi cwieZ©b −5  Ges BC′  I AD′  †iLvi Rb¨ x  Gi	M1 WRITTEN 3.mhtml	1	
 (	g‡b Kwi, BC  I AD  †iLvi Rb¨ x  Gi cwieZ©b +8  Ges y  Gi cwieZ©b −5  Ges BC′  I AD′  †iLvi Rb¨ x  Gi	M1 WRITTEN 3.mhtml	1	
ev	g‡b Kwi, BC  I AD  †iLvi Rb¨ x  Gi cwieZ©b +8  Ges y  Gi cwieZ©b −5  Ges BC′  I AD′  †iLvi Rb¨ x  Gi	M1 WRITTEN 3.mhtml	1	
) 	g‡b Kwi, BC  I AD  †iLvi Rb¨ x  Gi cwieZ©b +8  Ges y  Gi cwieZ©b −5  Ges BC′  I AD′  †iLvi Rb¨ x  Gi	M1 WRITTEN 3.mhtml	1	
we	g‡b Kwi, BC  I AD  †iLvi Rb¨ x  Gi cwieZ©b +8  Ges y  Gi cwieZ©b −5  Ges BC′  I AD′  †iLvi Rb¨ x  Gi	M1 WRITTEN 3.mhtml	1	
ev	g‡b Kwi, BC  I AD  †iLvi Rb¨ x  Gi cwieZ©b +8  Ges y  Gi cwieZ©b −5  Ges BC′  I AD′  †iLvi Rb¨ x  Gi	M1 WRITTEN 3.mhtml	1	
we	D  we›`yi ¯’vbv¼ (8,−5)  ; wbY©q Kivi Rb¨ 05 b¤^i|	M1 WRITTEN 3.mhtml	1	
;	D  we›`yi ¯’vbv¼ (8,−5)  ; wbY©q Kivi Rb¨ 05 b¤^i|	M1 WRITTEN 3.mhtml	1	
5	D  we›`yi ¯’vbv¼ (8,−5)  ; wbY©q Kivi Rb¨ 05 b¤^i|	M1 WRITTEN 3.mhtml	1	
we	D  we›`yi ¯’vbv¼ (−8,5) ; wbY©q Kivi Rb¨ 05 b¤^i|	M1 WRITTEN 3.mhtml	1	
;	D  we›`yi ¯’vbv¼ (−8,5) ; wbY©q Kivi Rb¨ 05 b¤^i|	M1 WRITTEN 3.mhtml	1	
5	D  we›`yi ¯’vbv¼ (−8,5) ; wbY©q Kivi Rb¨ 05 b¤^i|	M1 WRITTEN 3.mhtml	1	
 Ges 	ax+4y−9=0  Ges 3x+by+1=0  †iLvØq (1,2)  we›`y‡Z †Q` K‡i| 2y=2ax−b+1  †iLvwU x -Aÿ‡K A  Ges y -Aÿ‡K B	M1 WRITTEN 4.mhtml	1	
 Ges 	ax+4y−9=0  Ges 3x+by+1=0  †iLvØq (1,2)  we›`y‡Z †Q` K‡i| 2y=2ax−b+1  †iLvwU x -Aÿ‡K A  Ges y -Aÿ‡K B	M1 WRITTEN 4.mhtml	1	
 Ges 	(1,2)  we›`y Øviv ax+4y−9=0  Ges 3x+by+1=0  mij‡iLvØq wm× n‡e|	M1 WRITTEN 4.mhtml	1	
|	(1,2)  we›`y Øviv ax+4y−9=0  Ges 3x+by+1=0  mij‡iLvØq wm× n‡e|	M1 WRITTEN 4.mhtml	1	
Avevi, 	Avevi, 3(1)+b(2)+1=0∴b=−2 	M1 WRITTEN 4.mhtml	1	
: 	x -A‡ÿi Dci y=0 : 0=2x+2+1 	M1 WRITTEN 4.mhtml	1	
: 	y -A‡ÿi Dci x=0 : 2y=1+1 	M1 WRITTEN 4.mhtml	1	
myZivs, 	myZivs, AB  mij‡iLvi mgxKiY: x−4+y1=1 	M1 WRITTEN 4.mhtml	1	
(Ans.)	(Ans.)	M1 WRITTEN 4.mhtml	1	
;	a=1 ; wbY©q Kivi Rb¨ 02 b¤^i| 	M1 WRITTEN 4.mhtml	1	
;	b=−2 ; wbY©q Kivi Rb¨ 02 b¤^i| 	M1 WRITTEN 4.mhtml	1	
;	A(−4,0) ; wbY©q Kivi Rb¨ 02 b¤^i| 	M1 WRITTEN 4.mhtml	1	
;	B(0,1) ; wbY©q Kivi Rb¨ 02 b¤^i| 	M1 WRITTEN 4.mhtml	1	
ev,	x−4+y1=1  ev, x−4y+4=0 ; wbY©q Kivi Rb¨ 02 b¤^i| 	M1 WRITTEN 4.mhtml	1	
;	x−4+y1=1  ev, x−4y+4=0 ; wbY©q Kivi Rb¨ 02 b¤^i| 	M1 WRITTEN 4.mhtml	1	
Ges 	 A→=mi^+2j^−5k^  Ges B→=2i^+3j^+10k^  ci¯úi `ywU j¤^ †f±i n‡j, m  Gi gvb KZ?	P1 MCQ 1.mhtml	1	
 `	 A→=mi^+2j^−5k^  Ges B→=2i^+3j^+10k^  ci¯úi `ywU j¤^ †f±i n‡j, m  Gi gvb KZ?	P1 MCQ 1.mhtml	1	
ywU	 A→=mi^+2j^−5k^  Ges B→=2i^+3j^+10k^  ci¯úi `ywU j¤^ †f±i n‡j, m  Gi gvb KZ?	P1 MCQ 1.mhtml	1	
, 	 A→=mi^+2j^−5k^  Ges B→=2i^+3j^+10k^  ci¯úi `ywU j¤^ †f±i n‡j, m  Gi gvb KZ?	P1 MCQ 1.mhtml	1	
 Gi gvb KZ?	 A→=mi^+2j^−5k^  Ges B→=2i^+3j^+10k^  ci¯úi `ywU j¤^ †f±i n‡j, m  Gi gvb KZ?	P1 MCQ 1.mhtml	1	
22	22	P1 MCQ 1.mhtml	1	
44	44	P1 MCQ 1.mhtml	1	
3	3 GKK gv‡bi `ywU †f±‡ii jwäi gvb 33  GKK| †f±iØ‡qi ga¨eZ©x †KvY KZ?	P1 MCQ 1.mhtml	2	
 GKK 	3 GKK gv‡bi `ywU †f±‡ii jwäi gvb 33  GKK| †f±iØ‡qi ga¨eZ©x †KvY KZ?	P1 MCQ 1.mhtml	2	
 `	3 GKK gv‡bi `ywU †f±‡ii jwäi gvb 33  GKK| †f±iØ‡qi ga¨eZ©x †KvY KZ?	P1 MCQ 1.mhtml	2	
ywU	3 GKK gv‡bi `ywU †f±‡ii jwäi gvb 33  GKK| †f±iØ‡qi ga¨eZ©x †KvY KZ?	P1 MCQ 1.mhtml	2	
gvb	3 GKK gv‡bi `ywU †f±‡ii jwäi gvb 33  GKK| †f±iØ‡qi ga¨eZ©x †KvY KZ?	P1 MCQ 1.mhtml	2	
 GKK	3 GKK gv‡bi `ywU †f±‡ii jwäi gvb 33  GKK| †f±iØ‡qi ga¨eZ©x †KvY KZ?	P1 MCQ 1.mhtml	2	
q	3 GKK gv‡bi `ywU †f±‡ii jwäi gvb 33  GKK| †f±iØ‡qi ga¨eZ©x †KvY KZ?	P1 MCQ 1.mhtml	2	
i	3 GKK gv‡bi `ywU †f±‡ii jwäi gvb 33  GKK| †f±iØ‡qi ga¨eZ©x †KvY KZ?	P1 MCQ 1.mhtml	2	
KvY	3 GKK gv‡bi `ywU †f±‡ii jwäi gvb 33  GKK| †f±iØ‡qi ga¨eZ©x †KvY KZ?	P1 MCQ 1.mhtml	2	
 KZ?	3 GKK gv‡bi `ywU †f±‡ii jwäi gvb 33  GKK| †f±iØ‡qi ga¨eZ©x †KvY KZ?	P1 MCQ 1.mhtml	2	
KvbwU	†KvbwU †¯‹jvi ivwk bq?	P1 MCQ 1.mhtml	3	
jvi	†KvbwU †¯‹jvi ivwk bq?	P1 MCQ 1.mhtml	3	
ivwk	†KvbwU †¯‹jvi ivwk bq?	P1 MCQ 1.mhtml	3	
bq	†KvbwU †¯‹jvi ivwk bq?	P1 MCQ 1.mhtml	3	
?	†KvbwU †¯‹jvi ivwk bq?	P1 MCQ 1.mhtml	3	
fi	fi	P1 MCQ 1.mhtml	3	
Zwor	Zwor wefe	P1 MCQ 1.mhtml	3	
wefe	Zwor wefe	P1 MCQ 1.mhtml	3	
GKwU	GKwU b`xi cÖ¯’  400 m  Ges †mÖv‡Zi †eM  3 ms−1 | GKRb gvwS  5 ms−1  †e‡M †bŠKv Pvwj‡q AvovAvwofv‡e b	P1 MCQ 1.mhtml	4	
b`xi	GKwU b`xi cÖ¯’  400 m  Ges †mÖv‡Zi †eM  3 ms−1 | GKRb gvwS  5 ms−1  †e‡M †bŠKv Pvwj‡q AvovAvwofv‡e b	P1 MCQ 1.mhtml	4	
| GKRb gvwS 	GKwU b`xi cÖ¯’  400 m  Ges †mÖv‡Zi †eM  3 ms−1 | GKRb gvwS  5 ms−1  †e‡M †bŠKv Pvwj‡q AvovAvwofv‡e b	P1 MCQ 1.mhtml	4	
mgq	cÖ‡qvRbxq mgq,  t=dv2−u2=40052−32=100 s 	P1 MCQ 1.mhtml	4	
,	cÖ‡qvRbxq mgq,  t=dv2−u2=40052−32=100 s 	P1 MCQ 1.mhtml	4	
`	`ywU †f±‡ii †¯‹jvi ¸Yd‡ji gvb P Ges †f±i ¸Yd‡ji gvb 3 P n‡j, G‡`i ga¨eZx© †KvY KZ?	P1 MCQ 1.mhtml	5	
ywU	`ywU †f±‡ii †¯‹jvi ¸Yd‡ji gvb P Ges †f±i ¸Yd‡ji gvb 3 P n‡j, G‡`i ga¨eZx© †KvY KZ?	P1 MCQ 1.mhtml	5	
jvi	`ywU †f±‡ii †¯‹jvi ¸Yd‡ji gvb P Ges †f±i ¸Yd‡ji gvb 3 P n‡j, G‡`i ga¨eZx© †KvY KZ?	P1 MCQ 1.mhtml	5	
Yd	`ywU †f±‡ii †¯‹jvi ¸Yd‡ji gvb P Ges †f±i ¸Yd‡ji gvb 3 P n‡j, G‡`i ga¨eZx© †KvY KZ?	P1 MCQ 1.mhtml	5	
j	`ywU †f±‡ii †¯‹jvi ¸Yd‡ji gvb P Ges †f±i ¸Yd‡ji gvb 3 P n‡j, G‡`i ga¨eZx© †KvY KZ?	P1 MCQ 1.mhtml	5	
i	`ywU †f±‡ii †¯‹jvi ¸Yd‡ji gvb P Ges †f±i ¸Yd‡ji gvb 3 P n‡j, G‡`i ga¨eZx© †KvY KZ?	P1 MCQ 1.mhtml	5	
gvb	`ywU †f±‡ii †¯‹jvi ¸Yd‡ji gvb P Ges †f±i ¸Yd‡ji gvb 3 P n‡j, G‡`i ga¨eZx© †KvY KZ?	P1 MCQ 1.mhtml	5	
P	`ywU †f±‡ii †¯‹jvi ¸Yd‡ji gvb P Ges †f±i ¸Yd‡ji gvb 3 P n‡j, G‡`i ga¨eZx© †KvY KZ?	P1 MCQ 1.mhtml	5	
Yd	`ywU †f±‡ii †¯‹jvi ¸Yd‡ji gvb P Ges †f±i ¸Yd‡ji gvb 3 P n‡j, G‡`i ga¨eZx© †KvY KZ?	P1 MCQ 1.mhtml	5	
j	`ywU †f±‡ii †¯‹jvi ¸Yd‡ji gvb P Ges †f±i ¸Yd‡ji gvb 3 P n‡j, G‡`i ga¨eZx© †KvY KZ?	P1 MCQ 1.mhtml	5	
i	`ywU †f±‡ii †¯‹jvi ¸Yd‡ji gvb P Ges †f±i ¸Yd‡ji gvb 3 P n‡j, G‡`i ga¨eZx© †KvY KZ?	P1 MCQ 1.mhtml	5	
gvb	`ywU †f±‡ii †¯‹jvi ¸Yd‡ji gvb P Ges †f±i ¸Yd‡ji gvb 3 P n‡j, G‡`i ga¨eZx© †KvY KZ?	P1 MCQ 1.mhtml	5	
P	`ywU †f±‡ii †¯‹jvi ¸Yd‡ji gvb P Ges †f±i ¸Yd‡ji gvb 3 P n‡j, G‡`i ga¨eZx© †KvY KZ?	P1 MCQ 1.mhtml	5	
,	`ywU †f±‡ii †¯‹jvi ¸Yd‡ji gvb P Ges †f±i ¸Yd‡ji gvb 3 P n‡j, G‡`i ga¨eZx© †KvY KZ?	P1 MCQ 1.mhtml	5	
i	`ywU †f±‡ii †¯‹jvi ¸Yd‡ji gvb P Ges †f±i ¸Yd‡ji gvb 3 P n‡j, G‡`i ga¨eZx© †KvY KZ?	P1 MCQ 1.mhtml	5	
KvY	`ywU †f±‡ii †¯‹jvi ¸Yd‡ji gvb P Ges †f±i ¸Yd‡ji gvb 3 P n‡j, G‡`i ga¨eZx© †KvY KZ?	P1 MCQ 1.mhtml	5	
 KZ?	`ywU †f±‡ii †¯‹jvi ¸Yd‡ji gvb P Ges †f±i ¸Yd‡ji gvb 3 P n‡j, G‡`i ga¨eZx© †KvY KZ?	P1 MCQ 1.mhtml	5	
; 	 ABcos θ=P ;  ABsin θ=3P  	P1 MCQ 1.mhtml	5	
-	P→=7i^−4j^+4k^  †f±i  xy -Z‡ji mv‡_ †h †KvY ˆZwi Ki‡e- 	P1 MCQ 1.mhtml	6	
KvY	P→=7i^−4j^+4k^  †f±i  xy -Z‡ji mv‡_ †h †KvY ˆZwi Ki‡e- 	P1 MCQ 1.mhtml	6	
- 	P→=7i^−4j^+4k^  †f±i  xy -Z‡ji mv‡_ †h †KvY ˆZwi Ki‡e- 	P1 MCQ 1.mhtml	6	
GKwU	GKwU mvgvšÍwi‡Ki `ywU KY© A→=i^−4j^−k^  I B→=−2i^−j^+k^  n‡j, †ÿÎdj KZ?	P1 MCQ 1.mhtml	7	
 `	GKwU mvgvšÍwi‡Ki `ywU KY© A→=i^−4j^−k^  I B→=−2i^−j^+k^  n‡j, †ÿÎdj KZ?	P1 MCQ 1.mhtml	7	
ywU	GKwU mvgvšÍwi‡Ki `ywU KY© A→=i^−4j^−k^  I B→=−2i^−j^+k^  n‡j, †ÿÎdj KZ?	P1 MCQ 1.mhtml	7	
 I 	GKwU mvgvšÍwi‡Ki `ywU KY© A→=i^−4j^−k^  I B→=−2i^−j^+k^  n‡j, †ÿÎdj KZ?	P1 MCQ 1.mhtml	7	
, 	GKwU mvgvšÍwi‡Ki `ywU KY© A→=i^−4j^−k^  I B→=−2i^−j^+k^  n‡j, †ÿÎdj KZ?	P1 MCQ 1.mhtml	7	
 KZ?	GKwU mvgvšÍwi‡Ki `ywU KY© A→=i^−4j^−k^  I B→=−2i^−j^+k^  n‡j, †ÿÎdj KZ?	P1 MCQ 1.mhtml	7	
KvY	ga¨eZ©x †KvY 0∘  ev 180∘  Gi Rb¨ µm ¸Yd‡ji gvb me©wb¤œ nq|	P1 MCQ 1.mhtml	9	
 ev 	ga¨eZ©x †KvY 0∘  ev 180∘  Gi Rb¨ µm ¸Yd‡ji gvb me©wb¤œ nq|	P1 MCQ 1.mhtml	9	
D	e„wó Djø¤^fv‡e  12 ms−1  †e‡M co‡Q| evZvm  6 ms−1  †e‡M c~e© n‡Z cwð‡g cÖevwnZ n‡”Q| e„wó n‡Z iÿv †c	P1 MCQ 1.mhtml	10	
| 	e„wó Djø¤^fv‡e  12 ms−1  †e‡M co‡Q| evZvm  6 ms−1  †e‡M c~e© n‡Z cwð‡g cÖevwnZ n‡”Q| e„wó n‡Z iÿv †c	P1 MCQ 1.mhtml	10	
evZvm	e„wó Djø¤^fv‡e  12 ms−1  †e‡M co‡Q| evZvm  6 ms−1  †e‡M c~e© n‡Z cwð‡g cÖevwnZ n‡”Q| e„wó n‡Z iÿv †c	P1 MCQ 1.mhtml	10	
i	e„wó Djø¤^fv‡e  12 ms−1  †e‡M co‡Q| evZvm  6 ms−1  †e‡M c~e© n‡Z cwð‡g cÖevwnZ n‡”Q| e„wó n‡Z iÿv †c	P1 MCQ 1.mhtml	10	
D	e„wó Djø¤^fv‡e  12 ms−1  †e‡M co‡Q| evZvm  6 ms−1  †e‡M c~e© n‡Z cwð‡g cÖevwnZ n‡”Q| e„wó n‡Z iÿv †c	P1 MCQ 1.mhtml	10	
i	e„wó Djø¤^fv‡e  12 ms−1  †e‡M co‡Q| evZvm  6 ms−1  †e‡M c~e© n‡Z cwð‡g cÖevwnZ n‡”Q| e„wó n‡Z iÿv †c	P1 MCQ 1.mhtml	10	
QvZv	e„wó Djø¤^fv‡e  12 ms−1  †e‡M co‡Q| evZvm  6 ms−1  †e‡M c~e© n‡Z cwð‡g cÖevwnZ n‡”Q| e„wó n‡Z iÿv †c	P1 MCQ 1.mhtml	10	
?	e„wó Djø¤^fv‡e  12 ms−1  †e‡M co‡Q| evZvm  6 ms−1  †e‡M c~e© n‡Z cwð‡g cÖevwnZ n‡”Q| e„wó n‡Z iÿv †c	P1 MCQ 1.mhtml	10	
evZvm	evZvm c~e© w`K n‡Z cÖevwnZ n‡”Q e‡j QvZv c~e© w`‡K ai‡Z n‡e|	P1 MCQ 1.mhtml	10	
c~e	evZvm c~e© w`K n‡Z cÖevwnZ n‡”Q e‡j QvZv c~e© w`‡K ai‡Z n‡e|	P1 MCQ 1.mhtml	10	
w`K	evZvm c~e© w`K n‡Z cÖevwnZ n‡”Q e‡j QvZv c~e© w`‡K ai‡Z n‡e|	P1 MCQ 1.mhtml	10	
n	evZvm c~e© w`K n‡Z cÖevwnZ n‡”Q e‡j QvZv c~e© w`‡K ai‡Z n‡e|	P1 MCQ 1.mhtml	10	
QvZv	evZvm c~e© w`K n‡Z cÖevwnZ n‡”Q e‡j QvZv c~e© w`‡K ai‡Z n‡e|	P1 MCQ 1.mhtml	10	
c~e	evZvm c~e© w`K n‡Z cÖevwnZ n‡”Q e‡j QvZv c~e© w`‡K ai‡Z n‡e|	P1 MCQ 1.mhtml	10	
|	evZvm c~e© w`K n‡Z cÖevwnZ n‡”Q e‡j QvZv c~e© w`‡K ai‡Z n‡e|	P1 MCQ 1.mhtml	10	
 Ges	A→=2i^+2j^+k^  Ges B→=2i^+10j^−11k^  n‡j, B→  eivei A→  Gi Dcvsk †KvbwU?	P1 MCQ 1.mhtml	11	
,	A→=2i^+2j^+k^  Ges B→=2i^+10j^−11k^  n‡j, B→  eivei A→  Gi Dcvsk †KvbwU?	P1 MCQ 1.mhtml	11	
 eivei 	A→=2i^+2j^+k^  Ges B→=2i^+10j^−11k^  n‡j, B→  eivei A→  Gi Dcvsk †KvbwU?	P1 MCQ 1.mhtml	11	
-	xz -mgZ‡j 8i^−8j^+2k^  †f±i Gi ˆ`N©¨ KZ?	P1 MCQ 1.mhtml	12	
GKK	53  GKK	P1 MCQ 1.mhtml	12	
GKK	25  GKK	P1 MCQ 1.mhtml	12	
GKK	74  GKK	P1 MCQ 1.mhtml	12	
GKK	217  GKK	P1 MCQ 1.mhtml	12	
GKK	(8)2+(2)2=217  GKK	P1 MCQ 1.mhtml	12	
[	e„wó Djø¤^fv‡e  15 ms−1  †e‡M co‡Q| Vc  †e‡M PjšÍ Mvwoi †cQ‡bi KvuP KLb wfR‡e? [Vc>0  Ges wcQ‡bi Kuv	P1 MCQ 1.mhtml	13	
]	e„wó Djø¤^fv‡e  15 ms−1  †e‡M co‡Q| Vc  †e‡M PjšÍ Mvwoi †cQ‡bi KvuP KLb wfR‡e? [Vc>0  Ges wcQ‡bi Kuv	P1 MCQ 1.mhtml	13	
bv	KL‡bv wfR‡e bv	P1 MCQ 1.mhtml	13	
eM	e„wói Av‡cwÿK †eM me©`v VRC  _vK‡e| me©`v mvg‡bi KuvP wfR‡e| †cQ‡bi KuvP wfR‡e bv|	P1 MCQ 1.mhtml	13	
eM	†bŠKvi †eM †¯ªv‡Zi AbyK~‡j  20 kmh−1  Ges †¯ªv‡Zi cÖwZK‚‡j  10 kmh−1 | †¯ªvZnxb Ae¯’vq b`x †mvRvmywR	P1 MCQ 1.mhtml	14	
AbyK	†bŠKvi †eM †¯ªv‡Zi AbyK~‡j  20 kmh−1  Ges †¯ªv‡Zi cÖwZK‚‡j  10 kmh−1 | †¯ªvZnxb Ae¯’vq b`x †mvRvmywR	P1 MCQ 1.mhtml	14	
~	†bŠKvi †eM †¯ªv‡Zi AbyK~‡j  20 kmh−1  Ges †¯ªv‡Zi cÖwZK‚‡j  10 kmh−1 | †¯ªvZnxb Ae¯’vq b`x †mvRvmywR	P1 MCQ 1.mhtml	14	
|	†bŠKvi †eM †¯ªv‡Zi AbyK~‡j  20 kmh−1  Ges †¯ªv‡Zi cÖwZK‚‡j  10 kmh−1 | †¯ªvZnxb Ae¯’vq b`x †mvRvmywR	P1 MCQ 1.mhtml	14	
vZnxb	†bŠKvi †eM †¯ªv‡Zi AbyK~‡j  20 kmh−1  Ges †¯ªv‡Zi cÖwZK‚‡j  10 kmh−1 | †¯ªvZnxb Ae¯’vq b`x †mvRvmywR	P1 MCQ 1.mhtml	14	
vq	†bŠKvi †eM †¯ªv‡Zi AbyK~‡j  20 kmh−1  Ges †¯ªv‡Zi cÖwZK‚‡j  10 kmh−1 | †¯ªvZnxb Ae¯’vq b`x †mvRvmywR	P1 MCQ 1.mhtml	14	
b`x	†bŠKvi †eM †¯ªv‡Zi AbyK~‡j  20 kmh−1  Ges †¯ªv‡Zi cÖwZK‚‡j  10 kmh−1 | †¯ªvZnxb Ae¯’vq b`x †mvRvmywR	P1 MCQ 1.mhtml	14	
mvRvmywR	†bŠKvi †eM †¯ªv‡Zi AbyK~‡j  20 kmh−1  Ges †¯ªv‡Zi cÖwZK‚‡j  10 kmh−1 | †¯ªvZnxb Ae¯’vq b`x †mvRvmywR	P1 MCQ 1.mhtml	14	
cvi 	†bŠKvi †eM †¯ªv‡Zi AbyK~‡j  20 kmh−1  Ges †¯ªv‡Zi cÖwZK‚‡j  10 kmh−1 | †¯ªvZnxb Ae¯’vq b`x †mvRvmywR	P1 MCQ 1.mhtml	14	
nIqvi	†bŠKvi †eM †¯ªv‡Zi AbyK~‡j  20 kmh−1  Ges †¯ªv‡Zi cÖwZK‚‡j  10 kmh−1 | †¯ªvZnxb Ae¯’vq b`x †mvRvmywR	P1 MCQ 1.mhtml	14	
mgq	†bŠKvi †eM †¯ªv‡Zi AbyK~‡j  20 kmh−1  Ges †¯ªv‡Zi cÖwZK‚‡j  10 kmh−1 | †¯ªvZnxb Ae¯’vq b`x †mvRvmywR	P1 MCQ 1.mhtml	14	
, 	†bŠKvi †eM †¯ªv‡Zi AbyK~‡j  20 kmh−1  Ges †¯ªv‡Zi cÖwZK‚‡j  10 kmh−1 | †¯ªvZnxb Ae¯’vq b`x †mvRvmywR	P1 MCQ 1.mhtml	14	
b`xi	†bŠKvi †eM †¯ªv‡Zi AbyK~‡j  20 kmh−1  Ges †¯ªv‡Zi cÖwZK‚‡j  10 kmh−1 | †¯ªvZnxb Ae¯’vq b`x †mvRvmywR	P1 MCQ 1.mhtml	14	
`	`ywU Mvwo ci¯úi mg‡Kv‡Y  15 kmh−1  I  x kmh−1  †e‡M hvq| GKwUi mv‡c‡ÿ AciwUi Av‡cwÿK †eM  25 kmh−1  	P1 MCQ 1.mhtml	15	
ywU	`ywU Mvwo ci¯úi mg‡Kv‡Y  15 kmh−1  I  x kmh−1  †e‡M hvq| GKwUi mv‡c‡ÿ AciwUi Av‡cwÿK †eM  25 kmh−1  	P1 MCQ 1.mhtml	15	
Mvwo	`ywU Mvwo ci¯úi mg‡Kv‡Y  15 kmh−1  I  x kmh−1  †e‡M hvq| GKwUi mv‡c‡ÿ AciwUi Av‡cwÿK †eM  25 kmh−1  	P1 MCQ 1.mhtml	15	
 I 	`ywU Mvwo ci¯úi mg‡Kv‡Y  15 kmh−1  I  x kmh−1  †e‡M hvq| GKwUi mv‡c‡ÿ AciwUi Av‡cwÿK †eM  25 kmh−1  	P1 MCQ 1.mhtml	15	
hvq	`ywU Mvwo ci¯úi mg‡Kv‡Y  15 kmh−1  I  x kmh−1  †e‡M hvq| GKwUi mv‡c‡ÿ AciwUi Av‡cwÿK †eM  25 kmh−1  	P1 MCQ 1.mhtml	15	
| 	`ywU Mvwo ci¯úi mg‡Kv‡Y  15 kmh−1  I  x kmh−1  †e‡M hvq| GKwUi mv‡c‡ÿ AciwUi Av‡cwÿK †eM  25 kmh−1  	P1 MCQ 1.mhtml	15	
GKwUi	`ywU Mvwo ci¯úi mg‡Kv‡Y  15 kmh−1  I  x kmh−1  †e‡M hvq| GKwUi mv‡c‡ÿ AciwUi Av‡cwÿK †eM  25 kmh−1  	P1 MCQ 1.mhtml	15	
AciwUi	`ywU Mvwo ci¯úi mg‡Kv‡Y  15 kmh−1  I  x kmh−1  †e‡M hvq| GKwUi mv‡c‡ÿ AciwUi Av‡cwÿK †eM  25 kmh−1  	P1 MCQ 1.mhtml	15	
eM	`ywU Mvwo ci¯úi mg‡Kv‡Y  15 kmh−1  I  x kmh−1  †e‡M hvq| GKwUi mv‡c‡ÿ AciwUi Av‡cwÿK †eM  25 kmh−1  	P1 MCQ 1.mhtml	15	
, 	`ywU Mvwo ci¯úi mg‡Kv‡Y  15 kmh−1  I  x kmh−1  †e‡M hvq| GKwUi mv‡c‡ÿ AciwUi Av‡cwÿK †eM  25 kmh−1  	P1 MCQ 1.mhtml	15	
KvbwUB	†KvbwUB bq	P1 MCQ 1.mhtml	15	
bq	†KvbwUB bq	P1 MCQ 1.mhtml	15	
 Ges 	A→=2i^+4j^−2k^  Ges B→=8i^+16j^−8k^  Gi †f±i ¸Yd‡ji gvb KZ?	P1 MCQ 1.mhtml	16	
j	A→=2i^+4j^−2k^  Ges B→=8i^+16j^−8k^  Gi †f±i ¸Yd‡ji gvb KZ?	P1 MCQ 1.mhtml	16	
i 	A→=2i^+4j^−2k^  Ges B→=8i^+16j^−8k^  Gi †f±i ¸Yd‡ji gvb KZ?	P1 MCQ 1.mhtml	16	
gvb	A→=2i^+4j^−2k^  Ges B→=8i^+16j^−8k^  Gi †f±i ¸Yd‡ji gvb KZ?	P1 MCQ 1.mhtml	16	
 KZ?	A→=2i^+4j^−2k^  Ges B→=8i^+16j^−8k^  Gi †f±i ¸Yd‡ji gvb KZ?	P1 MCQ 1.mhtml	16	
12	12	P1 MCQ 1.mhtml	16	
0	0	P1 MCQ 1.mhtml	16	
, 	GLv‡b, AxBx=AyBy=AzBz 	P1 MCQ 1.mhtml	16	
:	weKí:	P1 MCQ 1.mhtml	16	
mwjbqWvj	 r →  mwjbqWvj n‡j,  ∇→⋅r →=? 	P1 MCQ 1.mhtml	17	
, 	 r →  mwjbqWvj n‡j,  ∇→⋅r →=? 	P1 MCQ 1.mhtml	17	
KvbwUB	†KvbwUB bq	P1 MCQ 1.mhtml	17	
bq	†KvbwUB bq	P1 MCQ 1.mhtml	17	
 I 	 5 N  I  3 N  gv‡bi ejØq 60∘  †Kv‡Y wµqv Ki‡j G‡`i †f±i we‡qvMd‡ji gvb KZ?	P1 MCQ 1.mhtml	18	
i	 5 N  I  3 N  gv‡bi ejØq 60∘  †Kv‡Y wµqv Ki‡j G‡`i †f±i we‡qvMd‡ji gvb KZ?	P1 MCQ 1.mhtml	18	
gvb	 5 N  I  3 N  gv‡bi ejØq 60∘  †Kv‡Y wµqv Ki‡j G‡`i †f±i we‡qvMd‡ji gvb KZ?	P1 MCQ 1.mhtml	18	
 KZ?	 5 N  I  3 N  gv‡bi ejØq 60∘  †Kv‡Y wµqv Ki‡j G‡`i †f±i we‡qvMd‡ji gvb KZ?	P1 MCQ 1.mhtml	18	
Ges	 A→=i^+2j^, B→=i^+3j^+2k^  Ges C→=2i^−3j^+k^  n‡j, (A→×B→).C→=? 	P1 MCQ 1.mhtml	19	
, 	 A→=i^+2j^, B→=i^+3j^+2k^  Ges C→=2i^−3j^+k^  n‡j, (A→×B→).C→=? 	P1 MCQ 1.mhtml	19	
Zvgvi	wcÖq wkÿv_©x, †Zvgvi cÖwZwU K¬v‡mi gv‡bvbœq‡b Avgiv m‡Pó I AvšÍwiK| †mRb¨B GB g~j¨vqb cÖwµqv| G‡ÿ‡Î 	P1 MCQ 1.mhtml	20	
Avgiv	wcÖq wkÿv_©x, †Zvgvi cÖwZwU K¬v‡mi gv‡bvbœq‡b Avgiv m‡Pó I AvšÍwiK| †mRb¨B GB g~j¨vqb cÖwµqv| G‡ÿ‡Î 	P1 MCQ 1.mhtml	20	
 I 	wcÖq wkÿv_©x, †Zvgvi cÖwZwU K¬v‡mi gv‡bvbœq‡b Avgiv m‡Pó I AvšÍwiK| †mRb¨B GB g~j¨vqb cÖwµqv| G‡ÿ‡Î 	P1 MCQ 1.mhtml	20	
| 	wcÖq wkÿv_©x, †Zvgvi cÖwZwU K¬v‡mi gv‡bvbœq‡b Avgiv m‡Pó I AvšÍwiK| †mRb¨B GB g~j¨vqb cÖwµqv| G‡ÿ‡Î 	P1 MCQ 1.mhtml	20	
 GB 	wcÖq wkÿv_©x, †Zvgvi cÖwZwU K¬v‡mi gv‡bvbœq‡b Avgiv m‡Pó I AvšÍwiK| †mRb¨B GB g~j¨vqb cÖwµqv| G‡ÿ‡Î 	P1 MCQ 1.mhtml	20	
| 	wcÖq wkÿv_©x, †Zvgvi cÖwZwU K¬v‡mi gv‡bvbœq‡b Avgiv m‡Pó I AvšÍwiK| †mRb¨B GB g~j¨vqb cÖwµqv| G‡ÿ‡Î 	P1 MCQ 1.mhtml	20	
Zvgvi	wcÖq wkÿv_©x, †Zvgvi cÖwZwU K¬v‡mi gv‡bvbœq‡b Avgiv m‡Pó I AvšÍwiK| †mRb¨B GB g~j¨vqb cÖwµqv| G‡ÿ‡Î 	P1 MCQ 1.mhtml	20	
`	wcÖq wkÿv_©x, †Zvgvi cÖwZwU K¬v‡mi gv‡bvbœq‡b Avgiv m‡Pó I AvšÍwiK| †mRb¨B GB g~j¨vqb cÖwµqv| G‡ÿ‡Î 	P1 MCQ 1.mhtml	20	
Avgiv	wcÖq wkÿv_©x, †Zvgvi cÖwZwU K¬v‡mi gv‡bvbœq‡b Avgiv m‡Pó I AvšÍwiK| †mRb¨B GB g~j¨vqb cÖwµqv| G‡ÿ‡Î 	P1 MCQ 1.mhtml	20	
Kwi	wcÖq wkÿv_©x, †Zvgvi cÖwZwU K¬v‡mi gv‡bvbœq‡b Avgiv m‡Pó I AvšÍwiK| †mRb¨B GB g~j¨vqb cÖwµqv| G‡ÿ‡Î 	P1 MCQ 1.mhtml	20	
| 	wcÖq wkÿv_©x, †Zvgvi cÖwZwU K¬v‡mi gv‡bvbœq‡b Avgiv m‡Pó I AvšÍwiK| †mRb¨B GB g~j¨vqb cÖwµqv| G‡ÿ‡Î 	P1 MCQ 1.mhtml	20	
, 	wcÖq wkÿv_©x, †Zvgvi cÖwZwU K¬v‡mi gv‡bvbœq‡b Avgiv m‡Pó I AvšÍwiK| †mRb¨B GB g~j¨vqb cÖwµqv| G‡ÿ‡Î 	P1 MCQ 1.mhtml	20	
 `	wcÖq wkÿv_©x, †Zvgvi cÖwZwU K¬v‡mi gv‡bvbœq‡b Avgiv m‡Pó I AvšÍwiK| †mRb¨B GB g~j¨vqb cÖwµqv| G‡ÿ‡Î 	P1 MCQ 1.mhtml	20	
, 	wcÖq wkÿv_©x, †Zvgvi cÖwZwU K¬v‡mi gv‡bvbœq‡b Avgiv m‡Pó I AvšÍwiK| †mRb¨B GB g~j¨vqb cÖwµqv| G‡ÿ‡Î 	P1 MCQ 1.mhtml	20	
` 	wcÖq wkÿv_©x, †Zvgvi cÖwZwU K¬v‡mi gv‡bvbœq‡b Avgiv m‡Pó I AvšÍwiK| †mRb¨B GB g~j¨vqb cÖwµqv| G‡ÿ‡Î 	P1 MCQ 1.mhtml	20	
welq	wcÖq wkÿv_©x, †Zvgvi cÖwZwU K¬v‡mi gv‡bvbœq‡b Avgiv m‡Pó I AvšÍwiK| †mRb¨B GB g~j¨vqb cÖwµqv| G‡ÿ‡Î 	P1 MCQ 1.mhtml	20	
Zvgvi	wcÖq wkÿv_©x, †Zvgvi cÖwZwU K¬v‡mi gv‡bvbœq‡b Avgiv m‡Pó I AvšÍwiK| †mRb¨B GB g~j¨vqb cÖwµqv| G‡ÿ‡Î 	P1 MCQ 1.mhtml	20	
-	wcÖq wkÿv_©x, †Zvgvi cÖwZwU K¬v‡mi gv‡bvbœq‡b Avgiv m‡Pó I AvšÍwiK| †mRb¨B GB g~j¨vqb cÖwµqv| G‡ÿ‡Î 	P1 MCQ 1.mhtml	20	
gvUvgywU	†gvUvgywU	P1 MCQ 1.mhtml	20	
Lvivc	Lvivc	P1 MCQ 1.mhtml	20	
Kwiwb	K¬vm Kwiwb	P1 MCQ 1.mhtml	20	
Kvb	‘a’ Gi †Kvb gv‡bi Rb¨ †f±i ai^−2j^+k^  Ges 2ai^−aj^−4k^  ci¯ú‡ii mv‡_ j¤^ n‡e?	P1 MCQ 2.mhtml	1	
 Ges 	‘a’ Gi †Kvb gv‡bi Rb¨ †f±i ai^−2j^+k^  Ges 2ai^−aj^−4k^  ci¯ú‡ii mv‡_ j¤^ n‡e?	P1 MCQ 2.mhtml	1	
ci	‘a’ Gi †Kvb gv‡bi Rb¨ †f±i ai^−2j^+k^  Ges 2ai^−aj^−4k^  ci¯ú‡ii mv‡_ j¤^ n‡e?	P1 MCQ 2.mhtml	1	
ii	‘a’ Gi †Kvb gv‡bi Rb¨ †f±i ai^−2j^+k^  Ges 2ai^−aj^−4k^  ci¯ú‡ii mv‡_ j¤^ n‡e?	P1 MCQ 2.mhtml	1	
 mv	‘a’ Gi †Kvb gv‡bi Rb¨ †f±i ai^−2j^+k^  Ges 2ai^−aj^−4k^  ci¯ú‡ii mv‡_ j¤^ n‡e?	P1 MCQ 2.mhtml	1	
_ j	‘a’ Gi †Kvb gv‡bi Rb¨ †f±i ai^−2j^+k^  Ges 2ai^−aj^−4k^  ci¯ú‡ii mv‡_ j¤^ n‡e?	P1 MCQ 2.mhtml	1	
^ 	‘a’ Gi †Kvb gv‡bi Rb¨ †f±i ai^−2j^+k^  Ges 2ai^−aj^−4k^  ci¯ú‡ii mv‡_ j¤^ n‡e?	P1 MCQ 2.mhtml	1	
n	‘a’ Gi †Kvb gv‡bi Rb¨ †f±i ai^−2j^+k^  Ges 2ai^−aj^−4k^  ci¯ú‡ii mv‡_ j¤^ n‡e?	P1 MCQ 2.mhtml	1	
e	‘a’ Gi †Kvb gv‡bi Rb¨ †f±i ai^−2j^+k^  Ges 2ai^−aj^−4k^  ci¯ú‡ii mv‡_ j¤^ n‡e?	P1 MCQ 2.mhtml	1	
?	‘a’ Gi †Kvb gv‡bi Rb¨ †f±i ai^−2j^+k^  Ges 2ai^−aj^−4k^  ci¯ú‡ii mv‡_ j¤^ n‡e?	P1 MCQ 2.mhtml	1	
m	m GKK gv‡bi `ywU †f±‡ii jwäi gvb 2m  n‡j, G‡`i ga¨eZx© †KvY KZ?	P1 MCQ 2.mhtml	2	
 GKK 	m GKK gv‡bi `ywU †f±‡ii jwäi gvb 2m  n‡j, G‡`i ga¨eZx© †KvY KZ?	P1 MCQ 2.mhtml	2	
 `	m GKK gv‡bi `ywU †f±‡ii jwäi gvb 2m  n‡j, G‡`i ga¨eZx© †KvY KZ?	P1 MCQ 2.mhtml	2	
ywU	m GKK gv‡bi `ywU †f±‡ii jwäi gvb 2m  n‡j, G‡`i ga¨eZx© †KvY KZ?	P1 MCQ 2.mhtml	2	
gvb	m GKK gv‡bi `ywU †f±‡ii jwäi gvb 2m  n‡j, G‡`i ga¨eZx© †KvY KZ?	P1 MCQ 2.mhtml	2	
,	m GKK gv‡bi `ywU †f±‡ii jwäi gvb 2m  n‡j, G‡`i ga¨eZx© †KvY KZ?	P1 MCQ 2.mhtml	2	
i	m GKK gv‡bi `ywU †f±‡ii jwäi gvb 2m  n‡j, G‡`i ga¨eZx© †KvY KZ?	P1 MCQ 2.mhtml	2	
KvY	m GKK gv‡bi `ywU †f±‡ii jwäi gvb 2m  n‡j, G‡`i ga¨eZx© †KvY KZ?	P1 MCQ 2.mhtml	2	
 KZ?	m GKK gv‡bi `ywU †f±‡ii jwäi gvb 2m  n‡j, G‡`i ga¨eZx© †KvY KZ?	P1 MCQ 2.mhtml	2	
KvbwU	†KvbwU †¯‹jvi ivwk?	P1 MCQ 2.mhtml	3	
jvi	†KvbwU †¯‹jvi ivwk?	P1 MCQ 2.mhtml	3	
ivwk	†KvbwU †¯‹jvi ivwk?	P1 MCQ 2.mhtml	3	
?	†KvbwU †¯‹jvi ivwk?	P1 MCQ 2.mhtml	3	
eM	†eM	P1 MCQ 2.mhtml	3	
Zwor	Zwor wefe	P1 MCQ 2.mhtml	3	
wefe	Zwor wefe	P1 MCQ 2.mhtml	3	
`	`ywU †f±‡ii †¯‹jvi ¸Yd‡ji gvb I †f±i ¸Yd‡ji gvb B  n‡j, G‡`i ga¨eZx© †KvY KZ?	P1 MCQ 2.mhtml	5	
ywU	`ywU †f±‡ii †¯‹jvi ¸Yd‡ji gvb I †f±i ¸Yd‡ji gvb B  n‡j, G‡`i ga¨eZx© †KvY KZ?	P1 MCQ 2.mhtml	5	
jvi	`ywU †f±‡ii †¯‹jvi ¸Yd‡ji gvb I †f±i ¸Yd‡ji gvb B  n‡j, G‡`i ga¨eZx© †KvY KZ?	P1 MCQ 2.mhtml	5	
gvb	`ywU †f±‡ii †¯‹jvi ¸Yd‡ji gvb I †f±i ¸Yd‡ji gvb B  n‡j, G‡`i ga¨eZx© †KvY KZ?	P1 MCQ 2.mhtml	5	
gvb	`ywU †f±‡ii †¯‹jvi ¸Yd‡ji gvb I †f±i ¸Yd‡ji gvb B  n‡j, G‡`i ga¨eZx© †KvY KZ?	P1 MCQ 2.mhtml	5	
yz	Q→=3i^+6j^−2k^  †f±iwU yz-Z‡ji mv‡_ †h †KvY Drcbœ K‡i- 	P1 MCQ 2.mhtml	6	
-	Q→=3i^+6j^−2k^  †f±iwU yz-Z‡ji mv‡_ †h †KvY Drcbœ K‡i- 	P1 MCQ 2.mhtml	6	
KvY	Q→=3i^+6j^−2k^  †f±iwU yz-Z‡ji mv‡_ †h †KvY Drcbœ K‡i- 	P1 MCQ 2.mhtml	6	
-	Q→=3i^+6j^−2k^  †f±iwU yz-Z‡ji mv‡_ †h †KvY Drcbœ K‡i- 	P1 MCQ 2.mhtml	6	
Ges	A→=4i^−4j^+k^  Ges B→=2i^−2j^−k^  mvgvšÍwi‡Ki `ywU mwbœwnZ evû n‡j, †ÿÎdj KZ?	P1 MCQ 2.mhtml	7	
 `	A→=4i^−4j^+k^  Ges B→=2i^−2j^−k^  mvgvšÍwi‡Ki `ywU mwbœwnZ evû n‡j, †ÿÎdj KZ?	P1 MCQ 2.mhtml	7	
ywU	A→=4i^−4j^+k^  Ges B→=2i^−2j^−k^  mvgvšÍwi‡Ki `ywU mwbœwnZ evû n‡j, †ÿÎdj KZ?	P1 MCQ 2.mhtml	7	
, 	A→=4i^−4j^+k^  Ges B→=2i^−2j^−k^  mvgvšÍwi‡Ki `ywU mwbœwnZ evû n‡j, †ÿÎdj KZ?	P1 MCQ 2.mhtml	7	
 KZ?	A→=4i^−4j^+k^  Ges B→=2i^−2j^−k^  mvgvšÍwi‡Ki `ywU mwbœwnZ evû n‡j, †ÿÎdj KZ?	P1 MCQ 2.mhtml	7	
4	4 eM© GKK	P1 MCQ 2.mhtml	7	
eM	4 eM© GKK	P1 MCQ 2.mhtml	7	
16	16 eM© GKK	P1 MCQ 2.mhtml	7	
eM	16 eM© GKK	P1 MCQ 2.mhtml	7	
eM	∴  †ÿÎdj =|A→×B→|  =62+62=62  eM© GKK|	P1 MCQ 2.mhtml	7	
-	P→×Q→   m‡e©v”P n‡e †h †ÿ‡Î-	P1 MCQ 2.mhtml	9	
D	 18 ms−1  †e‡M cošÍ e„wó n‡Z iÿv †c‡Z Djø‡¤^i mv‡_ 18.43∘  †Kv‡Y c~e©w`‡K QvZv ai‡Z nq| evZv‡mi †eM 	P1 MCQ 2.mhtml	10	
i	 18 ms−1  †e‡M cošÍ e„wó n‡Z iÿv †c‡Z Djø‡¤^i mv‡_ 18.43∘  †Kv‡Y c~e©w`‡K QvZv ai‡Z nq| evZv‡mi †eM 	P1 MCQ 2.mhtml	10	
Ges 	A→=2i^−3j^+k^  Ges B→=−i^+2j^−k^  n‡j B→  Gi Dci A→  Gi Awf‡ÿc †KvbwU?	P1 MCQ 2.mhtml	11	
 Gi Dci 	A→=2i^−3j^+k^  Ges B→=−i^+2j^−k^  n‡j B→  Gi Dci A→  Gi Awf‡ÿc †KvbwU?	P1 MCQ 2.mhtml	11	
yz	yz-mgZ‡j −2i^+4j^−6k^  †f±‡ii ˆ`N©¨ KZ?	P1 MCQ 2.mhtml	12	
-	yz-mgZ‡j −2i^+4j^−6k^  †f±‡ii ˆ`N©¨ KZ?	P1 MCQ 2.mhtml	12	
GKK	213  GKK	P1 MCQ 2.mhtml	12	
GKK	210  GKK	P1 MCQ 2.mhtml	12	
GKK	102  GKK	P1 MCQ 2.mhtml	12	
GKK	10  GKK	P1 MCQ 2.mhtml	12	
GKK	(4)2+(−6)2=16+36=52=213  GKK	P1 MCQ 2.mhtml	12	
eM	†h‡Kv‡bv †eM	P1 MCQ 2.mhtml	13	
 Gi	Vc  Gi †h‡Kv‡bv gv‡bi Rb¨ Mvwoi mv‡c‡ÿ e„wói Av‡cwÿK †eM VRC  _vK‡e| A_©vr, Mvwoi mvg‡bi KvuP me©`v 	P1 MCQ 2.mhtml	13	
Mvwoi	Vc  Gi †h‡Kv‡bv gv‡bi Rb¨ Mvwoi mv‡c‡ÿ e„wói Av‡cwÿK †eM VRC  _vK‡e| A_©vr, Mvwoi mvg‡bi KvuP me©`v 	P1 MCQ 2.mhtml	13	
AbyK	†¯ªv‡Zi AbyK‚‡j I cÖwZK‚‡j †bŠKvi †eM h_vµ‡g  16 kmh−1  I  4 kmh−1 | b`xi cÖ¯’ 2 km n‡j †¯ªvZnxb Ae¯	P1 MCQ 2.mhtml	14	
eM	†¯ªv‡Zi AbyK‚‡j I cÖwZK‚‡j †bŠKvi †eM h_vµ‡g  16 kmh−1  I  4 kmh−1 | b`xi cÖ¯’ 2 km n‡j †¯ªvZnxb Ae¯	P1 MCQ 2.mhtml	14	
h_v	†¯ªv‡Zi AbyK‚‡j I cÖwZK‚‡j †bŠKvi †eM h_vµ‡g  16 kmh−1  I  4 kmh−1 | b`xi cÖ¯’ 2 km n‡j †¯ªvZnxb Ae¯	P1 MCQ 2.mhtml	14	
 I 	†¯ªv‡Zi AbyK‚‡j I cÖwZK‚‡j †bŠKvi †eM h_vµ‡g  16 kmh−1  I  4 kmh−1 | b`xi cÖ¯’ 2 km n‡j †¯ªvZnxb Ae¯	P1 MCQ 2.mhtml	14	
| b`xi 	†¯ªv‡Zi AbyK‚‡j I cÖwZK‚‡j †bŠKvi †eM h_vµ‡g  16 kmh−1  I  4 kmh−1 | b`xi cÖ¯’ 2 km n‡j †¯ªvZnxb Ae¯	P1 MCQ 2.mhtml	14	
2 km	†¯ªv‡Zi AbyK‚‡j I cÖwZK‚‡j †bŠKvi †eM h_vµ‡g  16 kmh−1  I  4 kmh−1 | b`xi cÖ¯’ 2 km n‡j †¯ªvZnxb Ae¯	P1 MCQ 2.mhtml	14	
vZnxb	†¯ªv‡Zi AbyK‚‡j I cÖwZK‚‡j †bŠKvi †eM h_vµ‡g  16 kmh−1  I  4 kmh−1 | b`xi cÖ¯’ 2 km n‡j †¯ªvZnxb Ae¯	P1 MCQ 2.mhtml	14	
vq	†¯ªv‡Zi AbyK‚‡j I cÖwZK‚‡j †bŠKvi †eM h_vµ‡g  16 kmh−1  I  4 kmh−1 | b`xi cÖ¯’ 2 km n‡j †¯ªvZnxb Ae¯	P1 MCQ 2.mhtml	14	
mvRvmywR	†¯ªv‡Zi AbyK‚‡j I cÖwZK‚‡j †bŠKvi †eM h_vµ‡g  16 kmh−1  I  4 kmh−1 | b`xi cÖ¯’ 2 km n‡j †¯ªvZnxb Ae¯	P1 MCQ 2.mhtml	14	
b`x	†¯ªv‡Zi AbyK‚‡j I cÖwZK‚‡j †bŠKvi †eM h_vµ‡g  16 kmh−1  I  4 kmh−1 | b`xi cÖ¯’ 2 km n‡j †¯ªvZnxb Ae¯	P1 MCQ 2.mhtml	14	
 cvi 	†¯ªv‡Zi AbyK‚‡j I cÖwZK‚‡j †bŠKvi †eM h_vµ‡g  16 kmh−1  I  4 kmh−1 | b`xi cÖ¯’ 2 km n‡j †¯ªvZnxb Ae¯	P1 MCQ 2.mhtml	14	
 KZ 	†¯ªv‡Zi AbyK‚‡j I cÖwZK‚‡j †bŠKvi †eM h_vµ‡g  16 kmh−1  I  4 kmh−1 | b`xi cÖ¯’ 2 km n‡j †¯ªvZnxb Ae¯	P1 MCQ 2.mhtml	14	
mgq	†¯ªv‡Zi AbyK‚‡j I cÖwZK‚‡j †bŠKvi †eM h_vµ‡g  16 kmh−1  I  4 kmh−1 | b`xi cÖ¯’ 2 km n‡j †¯ªvZnxb Ae¯	P1 MCQ 2.mhtml	14	
?	†¯ªv‡Zi AbyK‚‡j I cÖwZK‚‡j †bŠKvi †eM h_vµ‡g  16 kmh−1  I  4 kmh−1 | b`xi cÖ¯’ 2 km n‡j †¯ªvZnxb Ae¯	P1 MCQ 2.mhtml	14	
mgq	me©wb¤œ mgq,  t=210×60=12 min  	P1 MCQ 2.mhtml	14	
, 	me©wb¤œ mgq,  t=210×60=12 min  	P1 MCQ 2.mhtml	14	
`	`yBwU Mvwo ci¯ú‡ii mv‡_ mg‡Kv‡Y h_vµ‡g 	P1 MCQ 2.mhtml	15	
yBwU	`yBwU Mvwo ci¯ú‡ii mv‡_ mg‡Kv‡Y h_vµ‡g 	P1 MCQ 2.mhtml	15	
Mvwo	`yBwU Mvwo ci¯ú‡ii mv‡_ mg‡Kv‡Y h_vµ‡g 	P1 MCQ 2.mhtml	15	
h_v	`yBwU Mvwo ci¯ú‡ii mv‡_ mg‡Kv‡Y h_vµ‡g 	P1 MCQ 2.mhtml	15	
 Ges 	 30 ms−1  Ges  40 ms−1  †e‡M Pj‡Q| cÖ_g Mvwoi mv‡c‡ÿ wØZxq Mvwoi Av‡cwÿK †eM KZ?	P1 MCQ 2.mhtml	15	
i	 30 ms−1  Ges  40 ms−1  †e‡M Pj‡Q| cÖ_g Mvwoi mv‡c‡ÿ wØZxq Mvwoi Av‡cwÿK †eM KZ?	P1 MCQ 2.mhtml	15	
Mvwoi	 30 ms−1  Ges  40 ms−1  †e‡M Pj‡Q| cÖ_g Mvwoi mv‡c‡ÿ wØZxq Mvwoi Av‡cwÿK †eM KZ?	P1 MCQ 2.mhtml	15	
eM	 30 ms−1  Ges  40 ms−1  †e‡M Pj‡Q| cÖ_g Mvwoi mv‡c‡ÿ wØZxq Mvwoi Av‡cwÿK †eM KZ?	P1 MCQ 2.mhtml	15	
 KZ?	 30 ms−1  Ges  40 ms−1  †e‡M Pj‡Q| cÖ_g Mvwoi mv‡c‡ÿ wØZxq Mvwoi Av‡cwÿK †eM KZ?	P1 MCQ 2.mhtml	15	
Ges 	P→=i^+3j^−9k^  Ges Q→=13i^+j^−3k^  Gi †f±i ¸Yd‡ji gvb KZ?	P1 MCQ 2.mhtml	16	
Yd	P→=i^+3j^−9k^  Ges Q→=13i^+j^−3k^  Gi †f±i ¸Yd‡ji gvb KZ?	P1 MCQ 2.mhtml	16	
j	P→=i^+3j^−9k^  Ges Q→=13i^+j^−3k^  Gi †f±i ¸Yd‡ji gvb KZ?	P1 MCQ 2.mhtml	16	
i	P→=i^+3j^−9k^  Ges Q→=13i^+j^−3k^  Gi †f±i ¸Yd‡ji gvb KZ?	P1 MCQ 2.mhtml	16	
gvb	P→=i^+3j^−9k^  Ges Q→=13i^+j^−3k^  Gi †f±i ¸Yd‡ji gvb KZ?	P1 MCQ 2.mhtml	16	
 KZ?	P→=i^+3j^−9k^  Ges Q→=13i^+j^−3k^  Gi †f±i ¸Yd‡ji gvb KZ?	P1 MCQ 2.mhtml	16	
0	0	P1 MCQ 2.mhtml	16	
:	weKí:	P1 MCQ 2.mhtml	16	
, 	GLv‡b, AxBx=AyBy=AzBz=3 	P1 MCQ 2.mhtml	16	
`	`ywU mgvšÍivj †f±‡ii †f±i ¸Yd‡ji gvb k~b¨|	P1 MCQ 2.mhtml	16	
ywU	`ywU mgvšÍivj †f±‡ii †f±i ¸Yd‡ji gvb k~b¨|	P1 MCQ 2.mhtml	16	
gvb	`ywU mgvšÍivj †f±‡ii †f±i ¸Yd‡ji gvb k~b¨|	P1 MCQ 2.mhtml	16	
k~b	`ywU mgvšÍivj †f±‡ii †f±i ¸Yd‡ji gvb k~b¨|	P1 MCQ 2.mhtml	16	
vb	Ae¯’vb †f±‡ii WvBfvi‡R‡Ýi gvb KZ?	P1 MCQ 2.mhtml	17	
gvb	Ae¯’vb †f±‡ii WvBfvi‡R‡Ýi gvb KZ?	P1 MCQ 2.mhtml	17	
 KZ?	Ae¯’vb †f±‡ii WvBfvi‡R‡Ýi gvb KZ?	P1 MCQ 2.mhtml	17	
3	3	P1 MCQ 2.mhtml	17	
0	0	P1 MCQ 2.mhtml	17	
1	1	P1 MCQ 2.mhtml	17	
2	2	P1 MCQ 2.mhtml	17	
div 	div r→=∂∂x(x)+∂∂y(y)+∂∂z(z)=1+1+1=3  	P1 MCQ 2.mhtml	17	
KvbwU	†KvbwU †f±i ivwk bq?	P1 MCQ 2.mhtml	18	
ivwk	†KvbwU †f±i ivwk bq?	P1 MCQ 2.mhtml	18	
bq	†KvbwU †f±i ivwk bq?	P1 MCQ 2.mhtml	18	
?	†KvbwU †f±i ivwk bq?	P1 MCQ 2.mhtml	18	
eM	†eM	P1 MCQ 2.mhtml	18	
Zwor	Zwor cÖvej¨	P1 MCQ 2.mhtml	18	
,	A→=i^+4k^ , B→=3k^+4i^+j^  Ges C→=i^−j^+2k^  n‡j, A→.(B→×C→)=? 	P1 MCQ 2.mhtml	19	
Ges	A→=i^+4k^ , B→=3k^+4i^+j^  Ges C→=i^−j^+2k^  n‡j, A→.(B→×C→)=? 	P1 MCQ 2.mhtml	19	
Zvgvi	wcÖq wkÿv_©x, †Zvgvi cÖwZwU K¬v‡mi gv‡bvbœq‡b Avgiv m‡Pó I AvšÍwiK| †mRb¨B GB g~j¨vqb cÖwµqv| G‡ÿ‡Î 	P1 MCQ 2.mhtml	20	
Avgiv	wcÖq wkÿv_©x, †Zvgvi cÖwZwU K¬v‡mi gv‡bvbœq‡b Avgiv m‡Pó I AvšÍwiK| †mRb¨B GB g~j¨vqb cÖwµqv| G‡ÿ‡Î 	P1 MCQ 2.mhtml	20	
 I 	wcÖq wkÿv_©x, †Zvgvi cÖwZwU K¬v‡mi gv‡bvbœq‡b Avgiv m‡Pó I AvšÍwiK| †mRb¨B GB g~j¨vqb cÖwµqv| G‡ÿ‡Î 	P1 MCQ 2.mhtml	20	
| 	wcÖq wkÿv_©x, †Zvgvi cÖwZwU K¬v‡mi gv‡bvbœq‡b Avgiv m‡Pó I AvšÍwiK| †mRb¨B GB g~j¨vqb cÖwµqv| G‡ÿ‡Î 	P1 MCQ 2.mhtml	20	
 GB 	wcÖq wkÿv_©x, †Zvgvi cÖwZwU K¬v‡mi gv‡bvbœq‡b Avgiv m‡Pó I AvšÍwiK| †mRb¨B GB g~j¨vqb cÖwµqv| G‡ÿ‡Î 	P1 MCQ 2.mhtml	20	
| 	wcÖq wkÿv_©x, †Zvgvi cÖwZwU K¬v‡mi gv‡bvbœq‡b Avgiv m‡Pó I AvšÍwiK| †mRb¨B GB g~j¨vqb cÖwµqv| G‡ÿ‡Î 	P1 MCQ 2.mhtml	20	
Zvgvi	wcÖq wkÿv_©x, †Zvgvi cÖwZwU K¬v‡mi gv‡bvbœq‡b Avgiv m‡Pó I AvšÍwiK| †mRb¨B GB g~j¨vqb cÖwµqv| G‡ÿ‡Î 	P1 MCQ 2.mhtml	20	
`	wcÖq wkÿv_©x, †Zvgvi cÖwZwU K¬v‡mi gv‡bvbœq‡b Avgiv m‡Pó I AvšÍwiK| †mRb¨B GB g~j¨vqb cÖwµqv| G‡ÿ‡Î 	P1 MCQ 2.mhtml	20	
Avgiv	wcÖq wkÿv_©x, †Zvgvi cÖwZwU K¬v‡mi gv‡bvbœq‡b Avgiv m‡Pó I AvšÍwiK| †mRb¨B GB g~j¨vqb cÖwµqv| G‡ÿ‡Î 	P1 MCQ 2.mhtml	20	
Kwi	wcÖq wkÿv_©x, †Zvgvi cÖwZwU K¬v‡mi gv‡bvbœq‡b Avgiv m‡Pó I AvšÍwiK| †mRb¨B GB g~j¨vqb cÖwµqv| G‡ÿ‡Î 	P1 MCQ 2.mhtml	20	
| 	wcÖq wkÿv_©x, †Zvgvi cÖwZwU K¬v‡mi gv‡bvbœq‡b Avgiv m‡Pó I AvšÍwiK| †mRb¨B GB g~j¨vqb cÖwµqv| G‡ÿ‡Î 	P1 MCQ 2.mhtml	20	
, 	wcÖq wkÿv_©x, †Zvgvi cÖwZwU K¬v‡mi gv‡bvbœq‡b Avgiv m‡Pó I AvšÍwiK| †mRb¨B GB g~j¨vqb cÖwµqv| G‡ÿ‡Î 	P1 MCQ 2.mhtml	20	
 `	wcÖq wkÿv_©x, †Zvgvi cÖwZwU K¬v‡mi gv‡bvbœq‡b Avgiv m‡Pó I AvšÍwiK| †mRb¨B GB g~j¨vqb cÖwµqv| G‡ÿ‡Î 	P1 MCQ 2.mhtml	20	
, 	wcÖq wkÿv_©x, †Zvgvi cÖwZwU K¬v‡mi gv‡bvbœq‡b Avgiv m‡Pó I AvšÍwiK| †mRb¨B GB g~j¨vqb cÖwµqv| G‡ÿ‡Î 	P1 MCQ 2.mhtml	20	
` 	wcÖq wkÿv_©x, †Zvgvi cÖwZwU K¬v‡mi gv‡bvbœq‡b Avgiv m‡Pó I AvšÍwiK| †mRb¨B GB g~j¨vqb cÖwµqv| G‡ÿ‡Î 	P1 MCQ 2.mhtml	20	
welq	wcÖq wkÿv_©x, †Zvgvi cÖwZwU K¬v‡mi gv‡bvbœq‡b Avgiv m‡Pó I AvšÍwiK| †mRb¨B GB g~j¨vqb cÖwµqv| G‡ÿ‡Î 	P1 MCQ 2.mhtml	20	
Zvgvi	wcÖq wkÿv_©x, †Zvgvi cÖwZwU K¬v‡mi gv‡bvbœq‡b Avgiv m‡Pó I AvšÍwiK| †mRb¨B GB g~j¨vqb cÖwµqv| G‡ÿ‡Î 	P1 MCQ 2.mhtml	20	
-	wcÖq wkÿv_©x, †Zvgvi cÖwZwU K¬v‡mi gv‡bvbœq‡b Avgiv m‡Pó I AvšÍwiK| †mRb¨B GB g~j¨vqb cÖwµqv| G‡ÿ‡Î 	P1 MCQ 2.mhtml	20	
gvUvgywU	†gvUvgywU	P1 MCQ 2.mhtml	20	
Lvivc	Lvivc	P1 MCQ 2.mhtml	20	
Kwiwb	K¬vm Kwiwb	P1 MCQ 2.mhtml	20	
Ges 	P→=3i^−2j^+k^,Q→=i^+mj^+5k^  Ges R→=2i^−j^−3k^  †f±iÎq GKB mgZ‡j Ae¯’vb Ki‡j, m  Gi gvb wbY©q Ki|	P1 written 1.mhtml	1	
mgZjxq	 P→,Q→, R→  mgZjxq †f±i n‡j, Q→⋅(P→×R→)=0 , 	P1 written 1.mhtml	1	
, 	 P→,Q→, R→  mgZjxq †f±i n‡j, Q→⋅(P→×R→)=0 , 	P1 written 1.mhtml	1	
, 	 P→,Q→, R→  mgZjxq †f±i n‡j, Q→⋅(P→×R→)=0 , 	P1 written 1.mhtml	1	
i	b¤^i eÈb:	P1 written 1.mhtml	1	
:	b¤^i eÈb:	P1 written 1.mhtml	1	
mgZjxq	 P→,Q→, R→  mgZjxq †f±i n‡j, Q→⋅(P→×R→)=0 ; †jLvi Rb¨ 02 b¤^i|	P1 written 1.mhtml	1	
, 	 P→,Q→, R→  mgZjxq †f±i n‡j, Q→⋅(P→×R→)=0 ; †jLvi Rb¨ 02 b¤^i|	P1 written 1.mhtml	1	
; 	 P→,Q→, R→  mgZjxq †f±i n‡j, Q→⋅(P→×R→)=0 ; †jLvi Rb¨ 02 b¤^i|	P1 written 1.mhtml	1	
jLvi	 P→,Q→, R→  mgZjxq †f±i n‡j, Q→⋅(P→×R→)=0 ; †jLvi Rb¨ 02 b¤^i|	P1 written 1.mhtml	1	
i	 P→,Q→, R→  mgZjxq †f±i n‡j, Q→⋅(P→×R→)=0 ; †jLvi Rb¨ 02 b¤^i|	P1 written 1.mhtml	1	
|	 P→,Q→, R→  mgZjxq †f±i n‡j, Q→⋅(P→×R→)=0 ; †jLvi Rb¨ 02 b¤^i|	P1 written 1.mhtml	1	
; 	P→×R→=7i^+11j^+k^ ; wbY©q Kivi Rb¨ 04 b¤^i|	P1 written 1.mhtml	1	
w	P→×R→=7i^+11j^+k^ ; wbY©q Kivi Rb¨ 04 b¤^i|	P1 written 1.mhtml	1	
i	P→×R→=7i^+11j^+k^ ; wbY©q Kivi Rb¨ 04 b¤^i|	P1 written 1.mhtml	1	
|	P→×R→=7i^+11j^+k^ ; wbY©q Kivi Rb¨ 04 b¤^i|	P1 written 1.mhtml	1	
; 	m=−1211 ; wbY©q Kivi Rb¨ 04 b¤^i|	P1 written 1.mhtml	1	
i	m=−1211 ; wbY©q Kivi Rb¨ 04 b¤^i|	P1 written 1.mhtml	1	
|	m=−1211 ; wbY©q Kivi Rb¨ 04 b¤^i|	P1 written 1.mhtml	1	
:	weKí:	P1 written 1.mhtml	1	
wZbwU	†f±i wZbwU mgZjxq n‡j, 	P1 written 1.mhtml	1	
mgZjxq	†f±i wZbwU mgZjxq n‡j, 	P1 written 1.mhtml	1	
, 	†f±i wZbwU mgZjxq n‡j, 	P1 written 1.mhtml	1	
(	⇒m=−1211  (Ans.)	P1 written 1.mhtml	1	
Ans.)	⇒m=−1211  (Ans.)	P1 written 1.mhtml	1	
i	weKí b¤^i eÈb:	P1 written 1.mhtml	1	
:	weKí b¤^i eÈb:	P1 written 1.mhtml	1	
mgZjxq	 P→,Q→, R→  mgZjxq †f±i n‡j, P→.(Q→×R→)=0 ; †jLvi Rb¨ 02 b¤^i|	P1 written 1.mhtml	1	
, 	 P→,Q→, R→  mgZjxq †f±i n‡j, P→.(Q→×R→)=0 ; †jLvi Rb¨ 02 b¤^i|	P1 written 1.mhtml	1	
; 	 P→,Q→, R→  mgZjxq †f±i n‡j, P→.(Q→×R→)=0 ; †jLvi Rb¨ 02 b¤^i|	P1 written 1.mhtml	1	
jLvi	 P→,Q→, R→  mgZjxq †f±i n‡j, P→.(Q→×R→)=0 ; †jLvi Rb¨ 02 b¤^i|	P1 written 1.mhtml	1	
i	 P→,Q→, R→  mgZjxq †f±i n‡j, P→.(Q→×R→)=0 ; †jLvi Rb¨ 02 b¤^i|	P1 written 1.mhtml	1	
|	 P→,Q→, R→  mgZjxq †f±i n‡j, P→.(Q→×R→)=0 ; †jLvi Rb¨ 02 b¤^i|	P1 written 1.mhtml	1	
; 	|3−211m52−1−3|=0 ; wbY©q Kivi Rb¨ 03 b¤^i|	P1 written 1.mhtml	1	
 Kivi	|3−211m52−1−3|=0 ; wbY©q Kivi Rb¨ 03 b¤^i|	P1 written 1.mhtml	1	
i	|3−211m52−1−3|=0 ; wbY©q Kivi Rb¨ 03 b¤^i|	P1 written 1.mhtml	1	
|	|3−211m52−1−3|=0 ; wbY©q Kivi Rb¨ 03 b¤^i|	P1 written 1.mhtml	1	
; 	m=−1211 ; wbY©q Kivi Rb¨ 05 b¤^i|	P1 written 1.mhtml	1	
i	m=−1211 ; wbY©q Kivi Rb¨ 05 b¤^i|	P1 written 1.mhtml	1	
|	m=−1211 ; wbY©q Kivi Rb¨ 05 b¤^i|	P1 written 1.mhtml	1	
 Ges	 A→=2i^+j^−k^, B→=3i^−2j^+4k^  Ges	P1 written 2.mhtml	1	
wZbwU	C→=i^−3j^+5k^  wZbwU †f±i| †`LvI †h, †f±i wZbwU GKB mgZ‡j Aew¯’Z|	P1 written 2.mhtml	1	
f	C→=i^−3j^+5k^  wZbwU †f±i| †`LvI †h, †f±i wZbwU GKB mgZ‡j Aew¯’Z|	P1 written 2.mhtml	1	
i	C→=i^−3j^+5k^  wZbwU †f±i| †`LvI †h, †f±i wZbwU GKB mgZ‡j Aew¯’Z|	P1 written 2.mhtml	1	
| 	C→=i^−3j^+5k^  wZbwU †f±i| †`LvI †h, †f±i wZbwU GKB mgZ‡j Aew¯’Z|	P1 written 2.mhtml	1	
`	C→=i^−3j^+5k^  wZbwU †f±i| †`LvI †h, †f±i wZbwU GKB mgZ‡j Aew¯’Z|	P1 written 2.mhtml	1	
LvI	C→=i^−3j^+5k^  wZbwU †f±i| †`LvI †h, †f±i wZbwU GKB mgZ‡j Aew¯’Z|	P1 written 2.mhtml	1	
h, 	C→=i^−3j^+5k^  wZbwU †f±i| †`LvI †h, †f±i wZbwU GKB mgZ‡j Aew¯’Z|	P1 written 2.mhtml	1	
f	C→=i^−3j^+5k^  wZbwU †f±i| †`LvI †h, †f±i wZbwU GKB mgZ‡j Aew¯’Z|	P1 written 2.mhtml	1	
i	C→=i^−3j^+5k^  wZbwU †f±i| †`LvI †h, †f±i wZbwU GKB mgZ‡j Aew¯’Z|	P1 written 2.mhtml	1	
wZbwU	C→=i^−3j^+5k^  wZbwU †f±i| †`LvI †h, †f±i wZbwU GKB mgZ‡j Aew¯’Z|	P1 written 2.mhtml	1	
 GKB 	C→=i^−3j^+5k^  wZbwU †f±i| †`LvI †h, †f±i wZbwU GKB mgZ‡j Aew¯’Z|	P1 written 2.mhtml	1	
mgZ	C→=i^−3j^+5k^  wZbwU †f±i| †`LvI †h, †f±i wZbwU GKB mgZ‡j Aew¯’Z|	P1 written 2.mhtml	1	
j	C→=i^−3j^+5k^  wZbwU †f±i| †`LvI †h, †f±i wZbwU GKB mgZ‡j Aew¯’Z|	P1 written 2.mhtml	1	
Aew	C→=i^−3j^+5k^  wZbwU †f±i| †`LvI †h, †f±i wZbwU GKB mgZ‡j Aew¯’Z|	P1 written 2.mhtml	1	
Z|	C→=i^−3j^+5k^  wZbwU †f±i| †`LvI †h, †f±i wZbwU GKB mgZ‡j Aew¯’Z|	P1 written 2.mhtml	1	
mgZjxq	 A→,B→, C→  mgZjxq †f±i n‡e, hw` A→⋅(B→×C→)=0  nq|	P1 written 2.mhtml	1	
, 	 A→,B→, C→  mgZjxq †f±i n‡e, hw` A→⋅(B→×C→)=0  nq|	P1 written 2.mhtml	1	
hw	 A→,B→, C→  mgZjxq †f±i n‡e, hw` A→⋅(B→×C→)=0  nq|	P1 written 2.mhtml	1	
` 	 A→,B→, C→  mgZjxq †f±i n‡e, hw` A→⋅(B→×C→)=0  nq|	P1 written 2.mhtml	1	
 nq|	 A→,B→, C→  mgZjxq †f±i n‡e, hw` A→⋅(B→×C→)=0  nq|	P1 written 2.mhtml	1	
GLb	GLb,  A→⋅(B→×C→)= |21−13−241−35| 	P1 written 2.mhtml	1	
, 	GLb,  A→⋅(B→×C→)= |21−13−241−35| 	P1 written 2.mhtml	1	
mgZjxq	∴  †f±iÎq mgZjxq|	P1 written 2.mhtml	1	
|	∴  †f±iÎq mgZjxq|	P1 written 2.mhtml	1	
i	b¤^i eÈb:	P1 written 2.mhtml	1	
:	b¤^i eÈb:	P1 written 2.mhtml	1	
5	A→.(B→×C→)=|21−13−241−35|;  wbY©q Kivi Rb¨ 05 b¤^i|	P1 written 2.mhtml	1	
i	A→.(B→×C→)=|21−13−241−35|;  wbY©q Kivi Rb¨ 05 b¤^i|	P1 written 2.mhtml	1	
|	A→.(B→×C→)=|21−13−241−35|;  wbY©q Kivi Rb¨ 05 b¤^i|	P1 written 2.mhtml	1	
5	|21−13−241−35|=0;  wbY©q Kivi Rb¨ 05 b¤^i|	P1 written 2.mhtml	1	
i	|21−13−241−35|=0;  wbY©q Kivi Rb¨ 05 b¤^i|	P1 written 2.mhtml	1	
|	|21−13−241−35|=0;  wbY©q Kivi Rb¨ 05 b¤^i|	P1 written 2.mhtml	1	
Gi 	p  Gi gvb KZ n‡j †f±i V→=(5x+2y)i^+(2py−z)j^+(x−2z)k^  mwjbqWvj n‡e?	P1 written 3.mhtml	1	
gvb	p  Gi gvb KZ n‡j †f±i V→=(5x+2y)i^+(2py−z)j^+(x−2z)k^  mwjbqWvj n‡e?	P1 written 3.mhtml	1	
 KZ 	p  Gi gvb KZ n‡j †f±i V→=(5x+2y)i^+(2py−z)j^+(x−2z)k^  mwjbqWvj n‡e?	P1 written 3.mhtml	1	
mwjbqWvj	p  Gi gvb KZ n‡j †f±i V→=(5x+2y)i^+(2py−z)j^+(x−2z)k^  mwjbqWvj n‡e?	P1 written 3.mhtml	1	
?	p  Gi gvb KZ n‡j †f±i V→=(5x+2y)i^+(2py−z)j^+(x−2z)k^  mwjbqWvj n‡e?	P1 written 3.mhtml	1	
(Ans.)	 ⇒5+2p−2=0⇒p=−32  (Ans.)	P1 written 3.mhtml	1	
i	b¤^i eÈb:	P1 written 3.mhtml	1	
:	b¤^i eÈb:	P1 written 3.mhtml	1	
;	∇→⋅V→=∂(5x+2y)∂x+∂(2py−z)∂y+∂(x−2z)∂z=0 ; wbY©q Kivi Rb¨ 04 b¤^i|	P1 written 3.mhtml	1	
i	∇→⋅V→=∂(5x+2y)∂x+∂(2py−z)∂y+∂(x−2z)∂z=0 ; wbY©q Kivi Rb¨ 04 b¤^i|	P1 written 3.mhtml	1	
|	∇→⋅V→=∂(5x+2y)∂x+∂(2py−z)∂y+∂(x−2z)∂z=0 ; wbY©q Kivi Rb¨ 04 b¤^i|	P1 written 3.mhtml	1	
;	5+2p−2=0 ; wbY©q Kivi Rb¨ 04 b¤^i|	P1 written 3.mhtml	1	
i	5+2p−2=0 ; wbY©q Kivi Rb¨ 04 b¤^i|	P1 written 3.mhtml	1	
|	5+2p−2=0 ; wbY©q Kivi Rb¨ 04 b¤^i|	P1 written 3.mhtml	1	
;	p=−32 ; wbY©q Kivi Rb¨ 02 b¤^i|	P1 written 3.mhtml	1	
2	p=−32 ; wbY©q Kivi Rb¨ 02 b¤^i|	P1 written 3.mhtml	1	
i	p=−32 ; wbY©q Kivi Rb¨ 02 b¤^i|	P1 written 3.mhtml	1	
|	p=−32 ; wbY©q Kivi Rb¨ 02 b¤^i|	P1 written 3.mhtml	1	
Ges	 A→=2i^+aj^−4k^, B→=5i^−3j^+2k^  Ges	P1 written 4.mhtml	1	
wZbwU	C→=i^+6j^+3k^  wZbwU †f±i mgZjxq n‡j, a  Gi gvb wbY©q Ki|	P1 written 4.mhtml	1	
mgZjxq	C→=i^+6j^+3k^  wZbwU †f±i mgZjxq n‡j, a  Gi gvb wbY©q Ki|	P1 written 4.mhtml	1	
, 	C→=i^+6j^+3k^  wZbwU †f±i mgZjxq n‡j, a  Gi gvb wbY©q Ki|	P1 written 4.mhtml	1	
Gi 	C→=i^+6j^+3k^  wZbwU †f±i mgZjxq n‡j, a  Gi gvb wbY©q Ki|	P1 written 4.mhtml	1	
gvb	C→=i^+6j^+3k^  wZbwU †f±i mgZjxq n‡j, a  Gi gvb wbY©q Ki|	P1 written 4.mhtml	1	
 Ki|	C→=i^+6j^+3k^  wZbwU †f±i mgZjxq n‡j, a  Gi gvb wbY©q Ki|	P1 written 4.mhtml	1	
mgZjxq	 A→,B→, C→  mgZjxq †f±i n‡j, A→⋅(B→×C→)=0 , B→×C→=−21i^−13j^+33k^  	P1 written 4.mhtml	1	
, 	 A→,B→, C→  mgZjxq †f±i n‡j, A→⋅(B→×C→)=0 , B→×C→=−21i^−13j^+33k^  	P1 written 4.mhtml	1	
, 	 A→,B→, C→  mgZjxq †f±i n‡j, A→⋅(B→×C→)=0 , B→×C→=−21i^−13j^+33k^  	P1 written 4.mhtml	1	
i	b¤^i eÈb:	P1 written 4.mhtml	1	
:	b¤^i eÈb:	P1 written 4.mhtml	1	
mgZjxq	 A→,B→, C→  mgZjxq †f±i n‡j, A→⋅(B→×C→)=0 ; †jLvi Rb¨ 02 b¤^i|	P1 written 4.mhtml	1	
, 	 A→,B→, C→  mgZjxq †f±i n‡j, A→⋅(B→×C→)=0 ; †jLvi Rb¨ 02 b¤^i|	P1 written 4.mhtml	1	
; 	 A→,B→, C→  mgZjxq †f±i n‡j, A→⋅(B→×C→)=0 ; †jLvi Rb¨ 02 b¤^i|	P1 written 4.mhtml	1	
jLvi	 A→,B→, C→  mgZjxq †f±i n‡j, A→⋅(B→×C→)=0 ; †jLvi Rb¨ 02 b¤^i|	P1 written 4.mhtml	1	
i	 A→,B→, C→  mgZjxq †f±i n‡j, A→⋅(B→×C→)=0 ; †jLvi Rb¨ 02 b¤^i|	P1 written 4.mhtml	1	
|	 A→,B→, C→  mgZjxq †f±i n‡j, A→⋅(B→×C→)=0 ; †jLvi Rb¨ 02 b¤^i|	P1 written 4.mhtml	1	
; 	B→×C→=−21i^−13j^+33k^ ; wbY©q Kivi Rb¨ 04 b¤^i|	P1 written 4.mhtml	1	
i	B→×C→=−21i^−13j^+33k^ ; wbY©q Kivi Rb¨ 04 b¤^i|	P1 written 4.mhtml	1	
|	B→×C→=−21i^−13j^+33k^ ; wbY©q Kivi Rb¨ 04 b¤^i|	P1 written 4.mhtml	1	
; 	a=−17413 ; wbY©q Kivi Rb¨ 04 b¤^i|	P1 written 4.mhtml	1	
i	a=−17413 ; wbY©q Kivi Rb¨ 04 b¤^i|	P1 written 4.mhtml	1	
|	a=−17413 ; wbY©q Kivi Rb¨ 04 b¤^i|	P1 written 4.mhtml	1	
:	weKí:	P1 written 4.mhtml	1	
wZbwU	†f±i wZbwU mgZjxq n‡j, 	P1 written 4.mhtml	1	
mgZjxq	†f±i wZbwU mgZjxq n‡j, 	P1 written 4.mhtml	1	
, 	†f±i wZbwU mgZjxq n‡j, 	P1 written 4.mhtml	1	
i	weKí b¤^i eÈb:	P1 written 4.mhtml	1	
:	weKí b¤^i eÈb:	P1 written 4.mhtml	1	
mgZjxq	 A→,B→, C→  mgZjxq †f±i n‡j, A→⋅(B→×C→)=0 ; †jLvi Rb¨ 02 b¤^i|	P1 written 4.mhtml	1	
, 	 A→,B→, C→  mgZjxq †f±i n‡j, A→⋅(B→×C→)=0 ; †jLvi Rb¨ 02 b¤^i|	P1 written 4.mhtml	1	
; 	 A→,B→, C→  mgZjxq †f±i n‡j, A→⋅(B→×C→)=0 ; †jLvi Rb¨ 02 b¤^i|	P1 written 4.mhtml	1	
jLvi	 A→,B→, C→  mgZjxq †f±i n‡j, A→⋅(B→×C→)=0 ; †jLvi Rb¨ 02 b¤^i|	P1 written 4.mhtml	1	
i	 A→,B→, C→  mgZjxq †f±i n‡j, A→⋅(B→×C→)=0 ; †jLvi Rb¨ 02 b¤^i|	P1 written 4.mhtml	1	
|	 A→,B→, C→  mgZjxq †f±i n‡j, A→⋅(B→×C→)=0 ; †jLvi Rb¨ 02 b¤^i|	P1 written 4.mhtml	1	
i	|2a−45−32163|=0;  wbY©q Kivi Rb¨ 03 b¤^i|	P1 written 4.mhtml	1	
|	|2a−45−32163|=0;  wbY©q Kivi Rb¨ 03 b¤^i|	P1 written 4.mhtml	1	
